canonical_score,candidate_role,root_id,root_role,relative_path,full_path,size_bytes,allowed_to_edit,reason
95,probable_canonical_apps_script_mirror,mvp_qaic_drive_root,mvp qaic root webapp apps script,03_DEV/APPS_SCRIPT_PULL_ISOLATED_P57D_20260620_114750/CAND_001/MVPQAIC_Index.html,G:\Mon Drive\👥 JULIEN [Perso]\📈 Trading JRb\Solutions & Dev (Trading JRb)\📈 QAIC\🛠️ MVP QAIC — Crypto Signal OS\03_DEV\APPS_SCRIPT_PULL_ISOLATED_P57D_20260620_114750\CAND_001\MVPQAIC_Index.html,5169160,False,Apps Script mirror in DEV area; strongest local candidate for validated WebApp shell.
95,probable_canonical_apps_script_mirror,mvp_qaic_drive_root,mvp qaic root webapp apps script,03_DEV/APPS_SCRIPT_PULL_ISOLATED_P57D_20260620_114750/CAND_002/MVPQAIC_Index.html,G:\Mon Drive\👥 JULIEN [Perso]\📈 Trading JRb\Solutions & Dev (Trading JRb)\📈 QAIC\🛠️ MVP QAIC — Crypto Signal OS\03_DEV\APPS_SCRIPT_PULL_ISOLATED_P57D_20260620_114750\CAND_002\MVPQAIC_Index.html,5169160,False,Apps Script mirror in DEV area; strongest local candidate for validated WebApp shell.
95,probable_canonical_apps_script_mirror,mvp_qaic_drive_root,mvp qaic root webapp apps script,03_DEV/APPS_SCRIPT_PULL_ISOLATED_P57D_20260620_114750/CAND_003/MVPQAIC_Index.html,G:\Mon Drive\👥 JULIEN [Perso]\📈 Trading JRb\Solutions & Dev (Trading JRb)\📈 QAIC\🛠️ MVP QAIC — Crypto Signal OS\03_DEV\APPS_SCRIPT_PULL_ISOLATED_P57D_20260620_114750\CAND_003\MVPQAIC_Index.html,5169160,False,Apps Script mirror in DEV area; strongest local candidate for validated WebApp shell.
95,probable_canonical_apps_script_mirror,mvp_qaic_drive_root,mvp qaic root webapp apps script,03_DEV/APPS_SCRIPT_PULL_ISOLATED_P57D_20260620_114750/CAND_004/MVPQAIC_Index.html,G:\Mon Drive\👥 JULIEN [Perso]\📈 Trading JRb\Solutions & Dev (Trading JRb)\📈 QAIC\🛠️ MVP QAIC — Crypto Signal OS\03_DEV\APPS_SCRIPT_PULL_ISOLATED_P57D_20260620_114750\CAND_004\MVPQAIC_Index.html,5169160,False,Apps Script mirror in DEV area; strongest local candidate for validated WebApp shell.
95,probable_canonical_apps_script_mirror,mvp_qaic_drive_root,mvp qaic root webapp apps script,03_DEV/APPS_SCRIPT_PULL_ISOLATED_P57D_20260620_114750/CAND_005/MVPQAIC_Index.html,G:\Mon Drive\👥 JULIEN [Perso]\📈 Trading JRb\Solutions & Dev (Trading JRb)\📈 QAIC\🛠️ MVP QAIC — Crypto Signal OS\03_DEV\APPS_SCRIPT_PULL_ISOLATED_P57D_20260620_114750\CAND_005\MVPQAIC_Index.html,5169160,False,Apps Script mirror in DEV area; strongest local candidate for validated WebApp shell.
95,probable_canonical_apps_script_mirror,mvp_qaic_drive_root,mvp qaic root webapp apps script,03_DEV/APPS_SCRIPT_PULL_ISOLATED_P57D_20260620_114750/CAND_006/MVPQAIC_Index.html,G:\Mon Drive\👥 JULIEN [Perso]\📈 Trading JRb\Solutions & Dev (Trading JRb)\📈 QAIC\🛠️ MVP QAIC — Crypto Signal OS\03_DEV\APPS_SCRIPT_PULL_ISOLATED_P57D_20260620_114750\CAND_006\MVPQAIC_Index.html,5169160,False,Apps Script mirror in DEV area; strongest local candidate for validated WebApp shell.
80,probable_source_index,mvp_qaic_drive_root,mvp qaic root webapp apps script,02_BUILD/LEXIQUE_READER_MVP/08_PUBLICATION/P25A2_P26A_20260618_002812_CHANNEL_REPAIR/channels/APPS_SCRIPT_WRAPPER_SOURCE_ONLY/Index.html,G:\Mon Drive\👥 JULIEN [Perso]\📈 Trading JRb\Solutions & Dev (Trading JRb)\📈 QAIC\🛠️ MVP QAIC — Crypto Signal OS\02_BUILD\LEXIQUE_READER_MVP\08_PUBLICATION\P25A2_P26A_20260618_002812_CHANNEL_REPAIR\channels\APPS_SCRIPT_WRAPPER_SOURCE_ONLY\Index.html,99,False,Index-like file under source area.
80,probable_source_index,mvp_qaic_drive_root,mvp qaic root webapp apps script,02_BUILD/LEXIQUE_READER_MVP/08_PUBLICATION/P25A_20260618_002252/channels/APPS_SCRIPT_WRAPPER_SOURCE_ONLY/Index.html,G:\Mon Drive\👥 JULIEN [Perso]\📈 Trading JRb\Solutions & Dev (Trading JRb)\📈 QAIC\🛠️ MVP QAIC — Crypto Signal OS\02_BUILD\LEXIQUE_READER_MVP\08_PUBLICATION\P25A_20260618_002252\channels\APPS_SCRIPT_WRAPPER_SOURCE_ONLY\Index.html,465,False,Index-like file under source area.
80,probable_source_index,mvp_qaic_drive_root,mvp qaic root webapp apps script,02_BUILD/LEXIQUE_READER_MVP/11_APPS_SCRIPT_WEBAPP_WRAPPER/P25A2_P26A_20260618_002812/APPS_SCRIPT_WRAPPER_SOURCE_ONLY/Index.html,G:\Mon Drive\👥 JULIEN [Perso]\📈 Trading JRb\Solutions & Dev (Trading JRb)\📈 QAIC\🛠️ MVP QAIC — Crypto Signal OS\02_BUILD\LEXIQUE_READER_MVP\11_APPS_SCRIPT_WEBAPP_WRAPPER\P25A2_P26A_20260618_002812\APPS_SCRIPT_WRAPPER_SOURCE_ONLY\Index.html,99,False,Index-like file under source area.
80,probable_source_index,mvp_qaic_drive_root,mvp qaic root webapp apps script,03_EXPORTS/P27A1R0_SOURCE_RECOVERY_20260618_111620/_source_extract/P24D_EXTRACTED/index.html,G:\Mon Drive\👥 JULIEN [Perso]\📈 Trading JRb\Solutions & Dev (Trading JRb)\📈 QAIC\🛠️ MVP QAIC — Crypto Signal OS\03_EXPORTS\P27A1R0_SOURCE_RECOVERY_20260618_111620\_source_extract\P24D_EXTRACTED\index.html,229205,False,Index-like file under source area.
70,possible_mvp_root_index,mvp_qaic_drive_root,mvp qaic root webapp apps script,02_BUILD/LEXIQUE_READER_MVP/03_BUILD_OUTPUTS/CHATGPT_STATIC_LEXIQUE_READER_P16A2_20260617_131649/index.html,G:\Mon Drive\👥 JULIEN [Perso]\📈 Trading JRb\Solutions & Dev (Trading JRb)\📈 QAIC\🛠️ MVP QAIC — Crypto Signal OS\02_BUILD\LEXIQUE_READER_MVP\03_BUILD_OUTPUTS\CHATGPT_STATIC_LEXIQUE_READER_P16A2_20260617_131649\index.html,1453,False,Index-like file in MVP root scan; needs human confirmation.
70,possible_mvp_root_index,mvp_qaic_drive_root,mvp qaic root webapp apps script,02_BUILD/LEXIQUE_READER_MVP/03_BUILD_OUTPUTS/P20B1_20260617_144254/NORMALIZED_STITCH_WEB/index.html,G:\Mon Drive\👥 JULIEN [Perso]\📈 Trading JRb\Solutions & Dev (Trading JRb)\📈 QAIC\🛠️ MVP QAIC — Crypto Signal OS\02_BUILD\LEXIQUE_READER_MVP\03_BUILD_OUTPUTS\P20B1_20260617_144254\NORMALIZED_STITCH_WEB\index.html,19000,False,Index-like file in MVP root scan; needs human confirmation.
70,possible_mvp_root_index,mvp_qaic_drive_root,mvp qaic root webapp apps script,02_BUILD/LEXIQUE_READER_MVP/03_BUILD_OUTPUTS/P22B2_20260617_165733/index.html,G:\Mon Drive\👥 JULIEN [Perso]\📈 Trading JRb\Solutions & Dev (Trading JRb)\📈 QAIC\🛠️ MVP QAIC — Crypto Signal OS\02_BUILD\LEXIQUE_READER_MVP\03_BUILD_OUTPUTS\P22B2_20260617_165733\index.html,169241,False,Index-like file in MVP root scan; needs human confirmation.
70,possible_mvp_root_index,mvp_qaic_drive_root,mvp qaic root webapp apps script,02_BUILD/LEXIQUE_READER_MVP/03_BUILD_OUTPUTS/P22B_20260617_165033/index.html,G:\Mon Drive\👥 JULIEN [Perso]\📈 Trading JRb\Solutions & Dev (Trading JRb)\📈 QAIC\🛠️ MVP QAIC — Crypto Signal OS\02_BUILD\LEXIQUE_READER_MVP\03_BUILD_OUTPUTS\P22B_20260617_165033\index.html,169169,False,Index-like file in MVP root scan; needs human confirmation.
70,possible_mvp_root_index,mvp_qaic_drive_root,mvp qaic root webapp apps script,02_BUILD/LEXIQUE_READER_MVP/03_BUILD_OUTPUTS/P22C2_20260617_170904/index.html,G:\Mon Drive\👥 JULIEN [Perso]\📈 Trading JRb\Solutions & Dev (Trading JRb)\📈 QAIC\🛠️ MVP QAIC — Crypto Signal OS\02_BUILD\LEXIQUE_READER_MVP\03_BUILD_OUTPUTS\P22C2_20260617_170904\index.html,170804,False,Index-like file in MVP root scan; needs human confirmation.
70,possible_mvp_root_index,mvp_qaic_drive_root,mvp qaic root webapp apps script,02_BUILD/LEXIQUE_READER_MVP/03_BUILD_OUTPUTS/P22C3_20260617_171634/index.html,G:\Mon Drive\👥 JULIEN [Perso]\📈 Trading JRb\Solutions & Dev (Trading JRb)\📈 QAIC\🛠️ MVP QAIC — Crypto Signal OS\02_BUILD\LEXIQUE_READER_MVP\03_BUILD_OUTPUTS\P22C3_20260617_171634\index.html,170804,False,Index-like file in MVP root scan; needs human confirmation.
70,possible_mvp_root_index,mvp_qaic_drive_root,mvp qaic root webapp apps script,02_BUILD/LEXIQUE_READER_MVP/03_BUILD_OUTPUTS/P22C3B_20260617_172151/index.html,G:\Mon Drive\👥 JULIEN [Perso]\📈 Trading JRb\Solutions & Dev (Trading JRb)\📈 QAIC\🛠️ MVP QAIC — Crypto Signal OS\02_BUILD\LEXIQUE_READER_MVP\03_BUILD_OUTPUTS\P22C3B_20260617_172151\index.html,174283,False,Index-like file in MVP root scan; needs human confirmation.
70,possible_mvp_root_index,mvp_qaic_drive_root,mvp qaic root webapp apps script,02_BUILD/LEXIQUE_READER_MVP/03_BUILD_OUTPUTS/P22D2_20260617_173329/index.html,G:\Mon Drive\👥 JULIEN [Perso]\📈 Trading JRb\Solutions & Dev (Trading JRb)\📈 QAIC\🛠️ MVP QAIC — Crypto Signal OS\02_BUILD\LEXIQUE_READER_MVP\03_BUILD_OUTPUTS\P22D2_20260617_173329\index.html,181612,False,Index-like file in MVP root scan; needs human confirmation.
70,possible_mvp_root_index,mvp_qaic_drive_root,mvp qaic root webapp apps script,02_BUILD/LEXIQUE_READER_MVP/03_BUILD_OUTPUTS/P22F3A4_20260617_180307/index.html,G:\Mon Drive\👥 JULIEN [Perso]\📈 Trading JRb\Solutions & Dev (Trading JRb)\📈 QAIC\🛠️ MVP QAIC — Crypto Signal OS\02_BUILD\LEXIQUE_READER_MVP\03_BUILD_OUTPUTS\P22F3A4_20260617_180307\index.html,200147,False,Index-like file in MVP root scan; needs human confirmation.
70,possible_mvp_root_index,mvp_qaic_drive_root,mvp qaic root webapp apps script,02_BUILD/LEXIQUE_READER_MVP/03_BUILD_OUTPUTS/P22F4_20260617_180905/index.html,G:\Mon Drive\👥 JULIEN [Perso]\📈 Trading JRb\Solutions & Dev (Trading JRb)\📈 QAIC\🛠️ MVP QAIC — Crypto Signal OS\02_BUILD\LEXIQUE_READER_MVP\03_BUILD_OUTPUTS\P22F4_20260617_180905\index.html,212251,False,Index-like file in MVP root scan; needs human confirmation.
70,possible_mvp_root_index,mvp_qaic_drive_root,mvp qaic root webapp apps script,02_BUILD/LEXIQUE_READER_MVP/03_BUILD_OUTPUTS/P23B2_20260617_193439/index.html,G:\Mon Drive\👥 JULIEN [Perso]\📈 Trading JRb\Solutions & Dev (Trading JRb)\📈 QAIC\🛠️ MVP QAIC — Crypto Signal OS\02_BUILD\LEXIQUE_READER_MVP\03_BUILD_OUTPUTS\P23B2_20260617_193439\index.html,3,False,Index-like file in MVP root scan; needs human confirmation.
70,possible_mvp_root_index,mvp_qaic_drive_root,mvp qaic root webapp apps script,02_BUILD/LEXIQUE_READER_MVP/03_BUILD_OUTPUTS/P23B3_20260617_214230/index.html,G:\Mon Drive\👥 JULIEN [Perso]\📈 Trading JRb\Solutions & Dev (Trading JRb)\📈 QAIC\🛠️ MVP QAIC — Crypto Signal OS\02_BUILD\LEXIQUE_READER_MVP\03_BUILD_OUTPUTS\P23B3_20260617_214230\index.html,213678,False,Index-like file in MVP root scan; needs human confirmation.
70,possible_mvp_root_index,mvp_qaic_drive_root,mvp qaic root webapp apps script,02_BUILD/LEXIQUE_READER_MVP/03_BUILD_OUTPUTS/P23B3_20260617_214829/index.html,G:\Mon Drive\👥 JULIEN [Perso]\📈 Trading JRb\Solutions & Dev (Trading JRb)\📈 QAIC\🛠️ MVP QAIC — Crypto Signal OS\02_BUILD\LEXIQUE_READER_MVP\03_BUILD_OUTPUTS\P23B3_20260617_214829\index.html,213678,False,Index-like file in MVP root scan; needs human confirmation.
70,possible_mvp_root_index,mvp_qaic_drive_root,mvp qaic root webapp apps script,02_BUILD/LEXIQUE_READER_MVP/03_BUILD_OUTPUTS/P23B_20260617_191039/index.html,G:\Mon Drive\👥 JULIEN [Perso]\📈 Trading JRb\Solutions & Dev (Trading JRb)\📈 QAIC\🛠️ MVP QAIC — Crypto Signal OS\02_BUILD\LEXIQUE_READER_MVP\03_BUILD_OUTPUTS\P23B_20260617_191039\index.html,3,False,Index-like file in MVP root scan; needs human confirmation.
70,possible_mvp_root_index,mvp_qaic_drive_root,mvp qaic root webapp apps script,02_BUILD/LEXIQUE_READER_MVP/03_BUILD_OUTPUTS/P23D3_20260617_231306/index.html,G:\Mon Drive\👥 JULIEN [Perso]\📈 Trading JRb\Solutions & Dev (Trading JRb)\📈 QAIC\🛠️ MVP QAIC — Crypto Signal OS\02_BUILD\LEXIQUE_READER_MVP\03_BUILD_OUTPUTS\P23D3_20260617_231306\index.html,216758,False,Index-like file in MVP root scan; needs human confirmation.
70,possible_mvp_root_index,mvp_qaic_drive_root,mvp qaic root webapp apps script,02_BUILD/LEXIQUE_READER_MVP/03_BUILD_OUTPUTS/P23D_20260617_220433/index.html,G:\Mon Drive\👥 JULIEN [Perso]\📈 Trading JRb\Solutions & Dev (Trading JRb)\📈 QAIC\🛠️ MVP QAIC — Crypto Signal OS\02_BUILD\LEXIQUE_READER_MVP\03_BUILD_OUTPUTS\P23D_20260617_220433\index.html,216796,False,Index-like file in MVP root scan; needs human confirmation.
70,possible_mvp_root_index,mvp_qaic_drive_root,mvp qaic root webapp apps script,02_BUILD/LEXIQUE_READER_MVP/03_BUILD_OUTPUTS/P24A_20260617_234740/index.html,G:\Mon Drive\👥 JULIEN [Perso]\📈 Trading JRb\Solutions & Dev (Trading JRb)\📈 QAIC\🛠️ MVP QAIC — Crypto Signal OS\02_BUILD\LEXIQUE_READER_MVP\03_BUILD_OUTPUTS\P24A_20260617_234740\index.html,219691,False,Index-like file in MVP root scan; needs human confirmation.
70,possible_mvp_root_index,mvp_qaic_drive_root,mvp qaic root webapp apps script,02_BUILD/LEXIQUE_READER_MVP/03_BUILD_OUTPUTS/P24B_20260617_235247/index.html,G:\Mon Drive\👥 JULIEN [Perso]\📈 Trading JRb\Solutions & Dev (Trading JRb)\📈 QAIC\🛠️ MVP QAIC — Crypto Signal OS\02_BUILD\LEXIQUE_READER_MVP\03_BUILD_OUTPUTS\P24B_20260617_235247\index.html,223091,False,Index-like file in MVP root scan; needs human confirmation.
70,possible_mvp_root_index,mvp_qaic_drive_root,mvp qaic root webapp apps script,02_BUILD/LEXIQUE_READER_MVP/03_BUILD_OUTPUTS/P24C_20260617_235819/index.html,G:\Mon Drive\👥 JULIEN [Perso]\📈 Trading JRb\Solutions & Dev (Trading JRb)\📈 QAIC\🛠️ MVP QAIC — Crypto Signal OS\02_BUILD\LEXIQUE_READER_MVP\03_BUILD_OUTPUTS\P24C_20260617_235819\index.html,226148,False,Index-like file in MVP root scan; needs human confirmation.
70,possible_mvp_root_index,mvp_qaic_drive_root,mvp qaic root webapp apps script,02_BUILD/LEXIQUE_READER_MVP/03_BUILD_OUTPUTS/P24D_20260618_000512/index.html,G:\Mon Drive\👥 JULIEN [Perso]\📈 Trading JRb\Solutions & Dev (Trading JRb)\📈 QAIC\🛠️ MVP QAIC — Crypto Signal OS\02_BUILD\LEXIQUE_READER_MVP\03_BUILD_OUTPUTS\P24D_20260618_000512\index.html,229205,False,Index-like file in MVP root scan; needs human confirmation.
70,possible_mvp_root_index,mvp_qaic_drive_root,mvp qaic root webapp apps script,02_BUILD/LEXIQUE_READER_MVP/03_BUILD_OUTPUTS/P25A2_P26A_20260618_002812_WEB_VISUALS/index.html,G:\Mon Drive\👥 JULIEN [Perso]\📈 Trading JRb\Solutions & Dev (Trading JRb)\📈 QAIC\🛠️ MVP QAIC — Crypto Signal OS\02_BUILD\LEXIQUE_READER_MVP\03_BUILD_OUTPUTS\P25A2_P26A_20260618_002812_WEB_VISUALS\index.html,234436,False,Index-like file in MVP root scan; needs human confirmation.
70,possible_mvp_root_index,mvp_qaic_drive_root,mvp qaic root webapp apps script,02_BUILD/LEXIQUE_READER_MVP/03_BUILD_OUTPUTS/P26C2_20260618_094106_WEBAPP_CLICKABLE_FICHE_VISUALS/index.html,G:\Mon Drive\👥 JULIEN [Perso]\📈 Trading JRb\Solutions & Dev (Trading JRb)\📈 QAIC\🛠️ MVP QAIC — Crypto Signal OS\02_BUILD\LEXIQUE_READER_MVP\03_BUILD_OUTPUTS\P26C2_20260618_094106_WEBAPP_CLICKABLE_FICHE_VISUALS\index.html,240912,False,Index-like file in MVP root scan; needs human confirmation.
70,possible_mvp_root_index,mvp_qaic_drive_root,mvp qaic root webapp apps script,02_BUILD/LEXIQUE_READER_MVP/03_BUILD_OUTPUTS/P26C3_20260618_103211_VISUAL_UX_ROUTING_FULLSCREEN_REPAIR/index.html,G:\Mon Drive\👥 JULIEN [Perso]\📈 Trading JRb\Solutions & Dev (Trading JRb)\📈 QAIC\🛠️ MVP QAIC — Crypto Signal OS\02_BUILD\LEXIQUE_READER_MVP\03_BUILD_OUTPUTS\P26C3_20260618_103211_VISUAL_UX_ROUTING_FULLSCREEN_REPAIR\index.html,241134,False,Index-like file in MVP root scan; needs human confirmation.
70,possible_mvp_root_index,mvp_qaic_drive_root,mvp qaic root webapp apps script,02_BUILD/LEXIQUE_READER_MVP/03_BUILD_OUTPUTS/P26C_20260618_013247_WEBAPP_16_9_ASSETS_INTEGRATED/index.html,G:\Mon Drive\👥 JULIEN [Perso]\📈 Trading JRb\Solutions & Dev (Trading JRb)\📈 QAIC\🛠️ MVP QAIC — Crypto Signal OS\02_BUILD\LEXIQUE_READER_MVP\03_BUILD_OUTPUTS\P26C_20260618_013247_WEBAPP_16_9_ASSETS_INTEGRATED\index.html,233189,False,Index-like file in MVP root scan; needs human confirmation.
70,possible_mvp_root_index,mvp_qaic_drive_root,mvp qaic root webapp apps script,02_BUILD/LEXIQUE_READER_MVP/03_BUILD_OUTPUTS/P26C_20260618_094647_WEBAPP_16_9_ASSETS_INTEGRATED/index.html,G:\Mon Drive\👥 JULIEN [Perso]\📈 Trading JRb\Solutions & Dev (Trading JRb)\📈 QAIC\🛠️ MVP QAIC — Crypto Signal OS\02_BUILD\LEXIQUE_READER_MVP\03_BUILD_OUTPUTS\P26C_20260618_094647_WEBAPP_16_9_ASSETS_INTEGRATED\index.html,233189,False,Index-like file in MVP root scan; needs human confirmation.
70,possible_mvp_root_index,mvp_qaic_drive_root,mvp qaic root webapp apps script,02_BUILD/LEXIQUE_READER_MVP/05_RELEASE/P17B2_20260617_134211/static_build/index.html,G:\Mon Drive\👥 JULIEN [Perso]\📈 Trading JRb\Solutions & Dev (Trading JRb)\📈 QAIC\🛠️ MVP QAIC — Crypto Signal OS\02_BUILD\LEXIQUE_READER_MVP\05_RELEASE\P17B2_20260617_134211\static_build\index.html,1453,False,Index-like file in MVP root scan; needs human confirmation.
70,possible_mvp_root_index,mvp_qaic_drive_root,mvp qaic root webapp apps script,02_BUILD/LEXIQUE_READER_MVP/06_BASELINES/P27A_BASELINE_20260618_140849_FROM_P27A2F_SEALED_RELEASE/index.html,G:\Mon Drive\👥 JULIEN [Perso]\📈 Trading JRb\Solutions & Dev (Trading JRb)\📈 QAIC\🛠️ MVP QAIC — Crypto Signal OS\02_BUILD\LEXIQUE_READER_MVP\06_BASELINES\P27A_BASELINE_20260618_140849_FROM_P27A2F_SEALED_RELEASE\index.html,207336,False,Index-like file in MVP root scan; needs human confirmation.
70,possible_mvp_root_index,mvp_qaic_drive_root,mvp qaic root webapp apps script,02_BUILD/LEXIQUE_READER_MVP/06_BASELINES/P27B_FINAL_BASELINE_20260618_144712_FROM_P27B4F_MAXI/index.html,G:\Mon Drive\👥 JULIEN [Perso]\📈 Trading JRb\Solutions & Dev (Trading JRb)\📈 QAIC\🛠️ MVP QAIC — Crypto Signal OS\02_BUILD\LEXIQUE_READER_MVP\06_BASELINES\P27B_FINAL_BASELINE_20260618_144712_FROM_P27B4F_MAXI\index.html,207336,False,Index-like file in MVP root scan; needs human confirmation.
70,possible_mvp_root_index,mvp_qaic_drive_root,mvp qaic root webapp apps script,02_BUILD/LEXIQUE_READER_MVP/06_BASELINES/P27B_FINAL_BASELINE_20260618_145459_FROM_P27B4F_MAXI_RECONCILED/index.html,G:\Mon Drive\👥 JULIEN [Perso]\📈 Trading JRb\Solutions & Dev (Trading JRb)\📈 QAIC\🛠️ MVP QAIC — Crypto Signal OS\02_BUILD\LEXIQUE_READER_MVP\06_BASELINES\P27B_FINAL_BASELINE_20260618_145459_FROM_P27B4F_MAXI_RECONCILED\index.html,207336,False,Index-like file in MVP root scan; needs human confirmation.
70,possible_mvp_root_index,mvp_qaic_drive_root,mvp qaic root webapp apps script,02_BUILD/LEXIQUE_READER_MVP/07_DEPLOY_PREVIEW/P27C1_20260618_152546_DEPLOY_PREVIEW_FROM_P27B_FINAL/index.html,G:\Mon Drive\👥 JULIEN [Perso]\📈 Trading JRb\Solutions & Dev (Trading JRb)\📈 QAIC\🛠️ MVP QAIC — Crypto Signal OS\02_BUILD\LEXIQUE_READER_MVP\07_DEPLOY_PREVIEW\P27C1_20260618_152546_DEPLOY_PREVIEW_FROM_P27B_FINAL\index.html,207336,False,Index-like file in MVP root scan; needs human confirmation.
70,possible_mvp_root_index,mvp_qaic_drive_root,mvp qaic root webapp apps script,02_BUILD/LEXIQUE_READER_MVP/07_DEPLOY_PREVIEW/P27C3_20260618_153427_FINAL_PREVIEW_SEALED/index.html,G:\Mon Drive\👥 JULIEN [Perso]\📈 Trading JRb\Solutions & Dev (Trading JRb)\📈 QAIC\🛠️ MVP QAIC — Crypto Signal OS\02_BUILD\LEXIQUE_READER_MVP\07_DEPLOY_PREVIEW\P27C3_20260618_153427_FINAL_PREVIEW_SEALED\index.html,207336,False,Index-like file in MVP root scan; needs human confirmation.
70,possible_mvp_root_index,mvp_qaic_drive_root,mvp qaic root webapp apps script,02_BUILD/LEXIQUE_READER_MVP/08_WEBAPP_READY/P27D1_20260618_153839_WEBAPP_READY/index.html,G:\Mon Drive\👥 JULIEN [Perso]\📈 Trading JRb\Solutions & Dev (Trading JRb)\📈 QAIC\🛠️ MVP QAIC — Crypto Signal OS\02_BUILD\LEXIQUE_READER_MVP\08_WEBAPP_READY\P27D1_20260618_153839_WEBAPP_READY\index.html,207336,False,Index-like file in MVP root scan; needs human confirmation.
70,possible_mvp_root_index,mvp_qaic_drive_root,mvp qaic root webapp apps script,02_BUILD/LEXIQUE_READER_MVP/09_APPS_SCRIPT_READY/P27D3_20260618_154928_APPS_SCRIPT_STATIC_WEBAPP_READY/Index.html,G:\Mon Drive\👥 JULIEN [Perso]\📈 Trading JRb\Solutions & Dev (Trading JRb)\📈 QAIC\🛠️ MVP QAIC — Crypto Signal OS\02_BUILD\LEXIQUE_READER_MVP\09_APPS_SCRIPT_READY\P27D3_20260618_154928_APPS_SCRIPT_STATIC_WEBAPP_READY\Index.html,5155230,False,Index-like file in MVP root scan; needs human confirmation.
70,possible_mvp_root_index,mvp_qaic_drive_root,mvp qaic root webapp apps script,02_BUILD/LEXIQUE_READER_MVP/10_HANDOFF/P19C_20260617_142103/CHATGPT_STATIC_LEXIQUE_READER_P16A2_20260617_131649/index.html,G:\Mon Drive\👥 JULIEN [Perso]\📈 Trading JRb\Solutions & Dev (Trading JRb)\📈 QAIC\🛠️ MVP QAIC — Crypto Signal OS\02_BUILD\LEXIQUE_READER_MVP\10_HANDOFF\P19C_20260617_142103\CHATGPT_STATIC_LEXIQUE_READER_P16A2_20260617_131649\index.html,1453,False,Index-like file in MVP root scan; needs human confirmation.
70,possible_mvp_root_index,mvp_qaic_drive_root,mvp qaic root webapp apps script,02_BUILD/LEXIQUE_READER_MVP/11_APPS_SCRIPT_WEBAPP_WRAPPER/P22H_20260617_182426/Index.html,G:\Mon Drive\👥 JULIEN [Perso]\📈 Trading JRb\Solutions & Dev (Trading JRb)\📈 QAIC\🛠️ MVP QAIC — Crypto Signal OS\02_BUILD\LEXIQUE_READER_MVP\11_APPS_SCRIPT_WEBAPP_WRAPPER\P22H_20260617_182426\Index.html,212251,False,Index-like file in MVP root scan; needs human confirmation.
70,possible_mvp_root_index,mvp_qaic_drive_root,mvp qaic root webapp apps script,02_BUILD/LEXIQUE_READER_MVP/11_APPS_SCRIPT_WEBAPP_WRAPPER/P25A_20260618_002252/Index.html,G:\Mon Drive\👥 JULIEN [Perso]\📈 Trading JRb\Solutions & Dev (Trading JRb)\📈 QAIC\🛠️ MVP QAIC — Crypto Signal OS\02_BUILD\LEXIQUE_READER_MVP\11_APPS_SCRIPT_WEBAPP_WRAPPER\P25A_20260618_002252\Index.html,465,False,Index-like file in MVP root scan; needs human confirmation.
70,possible_mvp_root_index,mvp_qaic_drive_root,mvp qaic root webapp apps script,02_BUILD/LEXIQUE_READER_MVP/P27A1R1_20260618_113246_CLEAN_UX_PROTOTYPE/index.html,G:\Mon Drive\👥 JULIEN [Perso]\📈 Trading JRb\Solutions & Dev (Trading JRb)\📈 QAIC\🛠️ MVP QAIC — Crypto Signal OS\02_BUILD\LEXIQUE_READER_MVP\P27A1R1_20260618_113246_CLEAN_UX_PROTOTYPE\index.html,136539,False,Index-like file in MVP root scan; needs human confirmation.
70,possible_mvp_root_index,mvp_qaic_drive_root,mvp qaic root webapp apps script,02_BUILD/LEXIQUE_READER_MVP/P27A1R1B_20260618_114348_CLEAN_UX_PROTOTYPE/index.html,G:\Mon Drive\👥 JULIEN [Perso]\📈 Trading JRb\Solutions & Dev (Trading JRb)\📈 QAIC\🛠️ MVP QAIC — Crypto Signal OS\02_BUILD\LEXIQUE_READER_MVP\P27A1R1B_20260618_114348_CLEAN_UX_PROTOTYPE\index.html,132291,False,Index-like file in MVP root scan; needs human confirmation.
70,possible_mvp_root_index,mvp_qaic_drive_root,mvp qaic root webapp apps script,02_BUILD/LEXIQUE_READER_MVP/P27A2C_20260618_123250_DATA_INTEGRATED_UX_PROTOTYPE/index.html,G:\Mon Drive\👥 JULIEN [Perso]\📈 Trading JRb\Solutions & Dev (Trading JRb)\📈 QAIC\🛠️ MVP QAIC — Crypto Signal OS\02_BUILD\LEXIQUE_READER_MVP\P27A2C_20260618_123250_DATA_INTEGRATED_UX_PROTOTYPE\index.html,152000,False,Index-like file in MVP root scan; needs human confirmation.
70,possible_mvp_root_index,mvp_qaic_drive_root,mvp qaic root webapp apps script,02_BUILD/LEXIQUE_READER_MVP/P27A2D_20260618_124827_ASSETS_VISUAL_INTEGRATED_UX_PROTOTYPE/index.html,G:\Mon Drive\👥 JULIEN [Perso]\📈 Trading JRb\Solutions & Dev (Trading JRb)\📈 QAIC\🛠️ MVP QAIC — Crypto Signal OS\02_BUILD\LEXIQUE_READER_MVP\P27A2D_20260618_124827_ASSETS_VISUAL_INTEGRATED_UX_PROTOTYPE\index.html,152000,False,Index-like file in MVP root scan; needs human confirmation.
70,possible_mvp_root_index,mvp_qaic_drive_root,mvp qaic root webapp apps script,02_BUILD/LEXIQUE_READER_MVP/P27A2D_DIRECT_20260618_125004_ASSETS_VISUAL_INTEGRATED_UX_PROTOTYPE/index.html,G:\Mon Drive\👥 JULIEN [Perso]\📈 Trading JRb\Solutions & Dev (Trading JRb)\📈 QAIC\🛠️ MVP QAIC — Crypto Signal OS\02_BUILD\LEXIQUE_READER_MVP\P27A2D_DIRECT_20260618_125004_ASSETS_VISUAL_INTEGRATED_UX_PROTOTYPE\index.html,152062,False,Index-like file in MVP root scan; needs human confirmation.
70,possible_mvp_root_index,mvp_qaic_drive_root,mvp qaic root webapp apps script,02_BUILD/LEXIQUE_READER_MVP/P27A2E1_20260618_125845_UX_TAXONOMY_REFINED_PROTOTYPE/index.html,G:\Mon Drive\👥 JULIEN [Perso]\📈 Trading JRb\Solutions & Dev (Trading JRb)\📈 QAIC\🛠️ MVP QAIC — Crypto Signal OS\02_BUILD\LEXIQUE_READER_MVP\P27A2E1_20260618_125845_UX_TAXONOMY_REFINED_PROTOTYPE\index.html,171350,False,Index-like file in MVP root scan; needs human confirmation.
70,possible_mvp_root_index,mvp_qaic_drive_root,mvp qaic root webapp apps script,02_BUILD/LEXIQUE_READER_MVP/P27A2E1B_20260618_132716_CLEAN_TAXONOMY_REFINED_PROTOTYPE/index.html,G:\Mon Drive\👥 JULIEN [Perso]\📈 Trading JRb\Solutions & Dev (Trading JRb)\📈 QAIC\🛠️ MVP QAIC — Crypto Signal OS\02_BUILD\LEXIQUE_READER_MVP\P27A2E1B_20260618_132716_CLEAN_TAXONOMY_REFINED_PROTOTYPE\index.html,208605,False,Index-like file in MVP root scan; needs human confirmation.
70,possible_mvp_root_index,mvp_qaic_drive_root,mvp qaic root webapp apps script,02_BUILD/LEXIQUE_READER_MVP/P27A2E1B_20260618_133555_CLEAN_TAXONOMY_REFINED_PROTOTYPE/index.html,G:\Mon Drive\👥 JULIEN [Perso]\📈 Trading JRb\Solutions & Dev (Trading JRb)\📈 QAIC\🛠️ MVP QAIC — Crypto Signal OS\02_BUILD\LEXIQUE_READER_MVP\P27A2E1B_20260618_133555_CLEAN_TAXONOMY_REFINED_PROTOTYPE\index.html,207277,False,Index-like file in MVP root scan; needs human confirmation.
70,possible_mvp_root_index,mvp_qaic_drive_root,mvp qaic root webapp apps script,02_BUILD/LEXIQUE_READER_MVP/P27A2E2_20260618_134124_HERO_RESTORE_UX_POLISH_PROTOTYPE/index.html,G:\Mon Drive\👥 JULIEN [Perso]\📈 Trading JRb\Solutions & Dev (Trading JRb)\📈 QAIC\🛠️ MVP QAIC — Crypto Signal OS\02_BUILD\LEXIQUE_READER_MVP\P27A2E2_20260618_134124_HERO_RESTORE_UX_POLISH_PROTOTYPE\index.html,209368,False,Index-like file in MVP root scan; needs human confirmation.
70,possible_mvp_root_index,mvp_qaic_drive_root,mvp qaic root webapp apps script,02_BUILD/LEXIQUE_READER_MVP/P27A2E3_20260618_134905_STRICT_HERO_ASSET_RESTORE_PROTOTYPE/index.html,G:\Mon Drive\👥 JULIEN [Perso]\📈 Trading JRb\Solutions & Dev (Trading JRb)\📈 QAIC\🛠️ MVP QAIC — Crypto Signal OS\02_BUILD\LEXIQUE_READER_MVP\P27A2E3_20260618_134905_STRICT_HERO_ASSET_RESTORE_PROTOTYPE\index.html,207743,False,Index-like file in MVP root scan; needs human confirmation.
70,possible_mvp_root_index,mvp_qaic_drive_root,mvp qaic root webapp apps script,02_BUILD/LEXIQUE_READER_MVP/P27A2E4_20260618_135735_RESTORE_VALIDATED_UX_STRICT_HERO_PROTOTYPE/index.html,G:\Mon Drive\👥 JULIEN [Perso]\📈 Trading JRb\Solutions & Dev (Trading JRb)\📈 QAIC\🛠️ MVP QAIC — Crypto Signal OS\02_BUILD\LEXIQUE_READER_MVP\P27A2E4_20260618_135735_RESTORE_VALIDATED_UX_STRICT_HERO_PROTOTYPE\index.html,207336,False,Index-like file in MVP root scan; needs human confirmation.
70,possible_mvp_root_index,mvp_qaic_drive_root,mvp qaic root webapp apps script,02_BUILD/LEXIQUE_READER_MVP/P27A2F_20260618_140248_SEALED_RELEASE_CANDIDATE/index.html,G:\Mon Drive\👥 JULIEN [Perso]\📈 Trading JRb\Solutions & Dev (Trading JRb)\📈 QAIC\🛠️ MVP QAIC — Crypto Signal OS\02_BUILD\LEXIQUE_READER_MVP\P27A2F_20260618_140248_SEALED_RELEASE_CANDIDATE\index.html,207336,False,Index-like file in MVP root scan; needs human confirmation.
70,possible_mvp_root_index,mvp_qaic_drive_root,mvp qaic root webapp apps script,02_BUILD/LEXIQUE_READER_MVP/P27A_20260618_111328_CLEAN_UX_PROTOTYPE/index.html,G:\Mon Drive\👥 JULIEN [Perso]\📈 Trading JRb\Solutions & Dev (Trading JRb)\📈 QAIC\🛠️ MVP QAIC — Crypto Signal OS\02_BUILD\LEXIQUE_READER_MVP\P27A_20260618_111328_CLEAN_UX_PROTOTYPE\index.html,22278,False,Index-like file in MVP root scan; needs human confirmation.
70,possible_mvp_root_index,mvp_qaic_drive_root,mvp qaic root webapp apps script,02_BUILD/LEXIQUE_READER_MVP/P27B1_20260618_141200_CSS_ONLY_HERO_READABILITY_PATCH/index.html,G:\Mon Drive\👥 JULIEN [Perso]\📈 Trading JRb\Solutions & Dev (Trading JRb)\📈 QAIC\🛠️ MVP QAIC — Crypto Signal OS\02_BUILD\LEXIQUE_READER_MVP\P27B1_20260618_141200_CSS_ONLY_HERO_READABILITY_PATCH\index.html,207336,False,Index-like file in MVP root scan; needs human confirmation.
70,possible_mvp_root_index,mvp_qaic_drive_root,mvp qaic root webapp apps script,02_BUILD/LEXIQUE_READER_MVP/P27B1F_20260618_141939_SEALED_CSS_ONLY_RELEASE/index.html,G:\Mon Drive\👥 JULIEN [Perso]\📈 Trading JRb\Solutions & Dev (Trading JRb)\📈 QAIC\🛠️ MVP QAIC — Crypto Signal OS\02_BUILD\LEXIQUE_READER_MVP\P27B1F_20260618_141939_SEALED_CSS_ONLY_RELEASE\index.html,207336,False,Index-like file in MVP root scan; needs human confirmation.
70,possible_mvp_root_index,mvp_qaic_drive_root,mvp qaic root webapp apps script,02_BUILD/LEXIQUE_READER_MVP/P27B2_20260618_142439_CSS_ONLY_CARDS_DETAIL_READABILITY/index.html,G:\Mon Drive\👥 JULIEN [Perso]\📈 Trading JRb\Solutions & Dev (Trading JRb)\📈 QAIC\🛠️ MVP QAIC — Crypto Signal OS\02_BUILD\LEXIQUE_READER_MVP\P27B2_20260618_142439_CSS_ONLY_CARDS_DETAIL_READABILITY\index.html,207336,False,Index-like file in MVP root scan; needs human confirmation.
70,possible_mvp_root_index,mvp_qaic_drive_root,mvp qaic root webapp apps script,02_BUILD/LEXIQUE_READER_MVP/P27B3_20260618_142705_CSS_ONLY_UX_GLOBAL_POLISH_MAXI/index.html,G:\Mon Drive\👥 JULIEN [Perso]\📈 Trading JRb\Solutions & Dev (Trading JRb)\📈 QAIC\🛠️ MVP QAIC — Crypto Signal OS\02_BUILD\LEXIQUE_READER_MVP\P27B3_20260618_142705_CSS_ONLY_UX_GLOBAL_POLISH_MAXI\index.html,207336,False,Index-like file in MVP root scan; needs human confirmation.
70,possible_mvp_root_index,mvp_qaic_drive_root,mvp qaic root webapp apps script,02_BUILD/LEXIQUE_READER_MVP/P27B3F_20260618_142926_SEALED_CSS_ONLY_UX_GLOBAL_POLISH_MAXI/index.html,G:\Mon Drive\👥 JULIEN [Perso]\📈 Trading JRb\Solutions & Dev (Trading JRb)\📈 QAIC\🛠️ MVP QAIC — Crypto Signal OS\02_BUILD\LEXIQUE_READER_MVP\P27B3F_20260618_142926_SEALED_CSS_ONLY_UX_GLOBAL_POLISH_MAXI\index.html,207336,False,Index-like file in MVP root scan; needs human confirmation.
70,possible_mvp_root_index,mvp_qaic_drive_root,mvp qaic root webapp apps script,02_BUILD/LEXIQUE_READER_MVP/P27B4F_20260618_144159_MAXI_CSS_ONLY_MOBILE_ACCESSIBILITY/index.html,G:\Mon Drive\👥 JULIEN [Perso]\📈 Trading JRb\Solutions & Dev (Trading JRb)\📈 QAIC\🛠️ MVP QAIC — Crypto Signal OS\02_BUILD\LEXIQUE_READER_MVP\P27B4F_20260618_144159_MAXI_CSS_ONLY_MOBILE_ACCESSIBILITY\index.html,207336,False,Index-like file in MVP root scan; needs human confirmation.
70,possible_mvp_root_index,mvp_qaic_drive_root,mvp qaic root webapp apps script,02_SHEETS/EXPORTS_CSV/RUN-20260620-120040/APPS_SCRIPT_PULL_FRESH/MVPQAIC_Index.html,G:\Mon Drive\👥 JULIEN [Perso]\📈 Trading JRb\Solutions & Dev (Trading JRb)\📈 QAIC\🛠️ MVP QAIC — Crypto Signal OS\02_SHEETS\EXPORTS_CSV\RUN-20260620-120040\APPS_SCRIPT_PULL_FRESH\MVPQAIC_Index.html,5169160,False,Index-like file in MVP root scan; needs human confirmation.
40,historical_export_or_backup_evidence,mvp_qaic_drive_root,mvp qaic root webapp apps script,03_EXPORTS/P27D6B_INTEGRATION_DESIGN_READONLY_20260618_163717/STAGED_APPS_SCRIPT_FILES_DO_NOT_PUSH/MVPQAIC_Index.html,G:\Mon Drive\👥 JULIEN [Perso]\📈 Trading JRb\Solutions & Dev (Trading JRb)\📈 QAIC\🛠️ MVP QAIC — Crypto Signal OS\03_EXPORTS\P27D6B_INTEGRATION_DESIGN_READONLY_20260618_163717\STAGED_APPS_SCRIPT_FILES_DO_NOT_PUSH\MVPQAIC_Index.html,5155232,False,"Historical export/backup evidence; useful for comparison, not canonical by itself."
40,historical_export_or_backup_evidence,mvp_qaic_drive_root,mvp qaic root webapp apps script,03_EXPORTS/P27D6C_MANUAL_APPS_SCRIPT_INTEGRATION_PACK_ONLY_20260618_165806/MANUAL_COPY_FILES/MVPQAIC_Index.html,G:\Mon Drive\👥 JULIEN [Perso]\📈 Trading JRb\Solutions & Dev (Trading JRb)\📈 QAIC\🛠️ MVP QAIC — Crypto Signal OS\03_EXPORTS\P27D6C_MANUAL_APPS_SCRIPT_INTEGRATION_PACK_ONLY_20260618_165806\MANUAL_COPY_FILES\MVPQAIC_Index.html,5155232,False,"Historical export/backup evidence; useful for comparison, not canonical by itself."
40,historical_export_or_backup_evidence,mvp_qaic_drive_root,mvp qaic root webapp apps script,03_EXPORTS/P48C_VISUAL_RUNTIME_FIX_TARGETED_20260619_132542/WORK_APPS_SCRIPT_PULL_COPY/MVPQAIC_Index.html,G:\Mon Drive\👥 JULIEN [Perso]\📈 Trading JRb\Solutions & Dev (Trading JRb)\📈 QAIC\🛠️ MVP QAIC — Crypto Signal OS\03_EXPORTS\P48C_VISUAL_RUNTIME_FIX_TARGETED_20260619_132542\WORK_APPS_SCRIPT_PULL_COPY\MVPQAIC_Index.html,5172049,False,"Historical export/backup evidence; useful for comparison, not canonical by itself."
40,historical_export_or_backup_evidence,mvp_qaic_drive_root,mvp qaic root webapp apps script,03_EXPORTS/P48C_VISUAL_RUNTIME_FIX_TARGETED_20260619_184030/WORK_APPS_SCRIPT_PULL_COPY/MVPQAIC_Index.html,G:\Mon Drive\👥 JULIEN [Perso]\📈 Trading JRb\Solutions & Dev (Trading JRb)\📈 QAIC\🛠️ MVP QAIC — Crypto Signal OS\03_EXPORTS\P48C_VISUAL_RUNTIME_FIX_TARGETED_20260619_184030\WORK_APPS_SCRIPT_PULL_COPY\MVPQAIC_Index.html,5173406,False,"Historical export/backup evidence; useful for comparison, not canonical by itself."
0,python_generated_export_not_canonical,mvp_qaic_py_repo,python repo mvp_qaic_py,05_EXPORTS/P106_WEBAPP_STATIC_PREVIEW_DATA_EXPORT_20260622_103845/STATIC_PREVIEW/index.html,G:\Mon Drive\👥 JULIEN [Perso]\📈 Trading JRb\Solutions & Dev (Trading JRb)\MVP_QAIC_PY\05_EXPORTS\P106_WEBAPP_STATIC_PREVIEW_DATA_EXPORT_20260622_103845\STATIC_PREVIEW\index.html,2603,False,"Python generated export, not validated WebApp source."
