root_name,relative_path,extension,size_bytes,suggested_action,r8_bucket
00_ADMIN,00_ADMIN/.keep,[no_ext],41,DEFER_BY_SCOPE,ADMIN_GOVERNANCE_EXTERNAL_REVIEW
00_ADMIN,00_ADMIN/AUDIT_FROM_UPLOADED_XLSX.md,.md,1190,REVIEW_DOC_OR_REFERENCE,ADMIN_GOVERNANCE_EXTERNAL_REVIEW
00_ADMIN,00_ADMIN/BUTTON_FUNCTION_MAPPING_FINAL.md,.md,949,REVIEW_DOC_OR_REFERENCE,ADMIN_GOVERNANCE_EXTERNAL_REVIEW
00_ADMIN,00_ADMIN/CHANGELOG.md,.md,1769,REVIEW_DOC_OR_REFERENCE,ADMIN_GOVERNANCE_EXTERNAL_REVIEW
00_ADMIN,00_ADMIN/CHANGELOG_MVP_QAIC_CLASP_GIT_EXPORT_0.1.1.md,.md,491,REVIEW_DOC_OR_REFERENCE,ADMIN_GOVERNANCE_EXTERNAL_REVIEW
00_ADMIN,00_ADMIN/CHANGELOG_MVP_QAIC_CLASP_GIT_EXPORT_0.1.3.md,.md,611,REVIEW_DOC_OR_REFERENCE,ADMIN_GOVERNANCE_EXTERNAL_REVIEW
00_ADMIN,00_ADMIN/CHANGELOG_MVP_QAIC_CLASP_GIT_EXPORT_0.1.4.md,.md,859,REVIEW_DOC_OR_REFERENCE,ADMIN_GOVERNANCE_EXTERNAL_REVIEW
00_ADMIN,00_ADMIN/CHANGELOG_MVP_QAIC_CLASP_GIT_EXPORT_0.1.5.md,.md,461,REVIEW_DOC_OR_REFERENCE,ADMIN_GOVERNANCE_EXTERNAL_REVIEW
00_ADMIN,00_ADMIN/CHANGELOG_MVP_QAIC_INSTRUCTIONS_0.4.9.md,.md,678,REVIEW_DOC_OR_REFERENCE,ADMIN_GOVERNANCE_EXTERNAL_REVIEW
00_ADMIN,00_ADMIN/CHANGELOG_MVP_QAIC_P1_PROMPT_QUALITY_CORE_FUSION_0.5.0.md,.md,964,REVIEW_DOC_OR_REFERENCE,ADMIN_GOVERNANCE_EXTERNAL_REVIEW
00_ADMIN,00_ADMIN/CHANGELOG_MVP_QAIC_P1G_PROMPT_LIBRARY_CONTRACT_0.6.0.md,.md,888,REVIEW_DOC_OR_REFERENCE,ADMIN_GOVERNANCE_EXTERNAL_REVIEW
00_ADMIN,00_ADMIN/CHANGELOG_MVP_QAIC_P1I_SHEET_INVENTORY_CROSS_AUDIT_0.7.0.md,.md,496,REVIEW_DOC_OR_REFERENCE,ADMIN_GOVERNANCE_EXTERNAL_REVIEW
00_ADMIN,00_ADMIN/CHANGELOG_MVP_QAIC_P2A_FINAL_LEXIQUE_MASTER_SEARCH_0.9.0.md,.md,305,REVIEW_DOC_OR_REFERENCE,ADMIN_GOVERNANCE_EXTERNAL_REVIEW
00_ADMIN,00_ADMIN/CHANGELOG_MVP_QAIC_P2A_LEXIQUE_METHODS_SIGNALS_CORE_0.8.0.md,.md,448,REVIEW_DOC_OR_REFERENCE,ADMIN_GOVERNANCE_EXTERNAL_REVIEW
00_ADMIN,00_ADMIN/CHANGELOG_MVP_QAIC_P2A_LEXIQUE_METHODS_SIGNALS_CORE_0.8.1.md,.md,601,REVIEW_DOC_OR_REFERENCE,ADMIN_GOVERNANCE_EXTERNAL_REVIEW
00_ADMIN,00_ADMIN/CHANGELOG_P0C_APPSHEET_0.3.2.md,.md,317,REVIEW_DOC_OR_REFERENCE,ADMIN_GOVERNANCE_EXTERNAL_REVIEW
00_ADMIN,00_ADMIN/DECISIONS_LOG.md,.md,979,REVIEW_DOC_OR_REFERENCE,ADMIN_GOVERNANCE_EXTERNAL_REVIEW
00_ADMIN,00_ADMIN/desktop.ini,.ini,246,IGNORE_WINDOWS_NOISE,ADMIN_GOVERNANCE_EXTERNAL_REVIEW
00_ADMIN,00_ADMIN/DRIVE_TREE_AUDIT/desktop.ini,.ini,246,IGNORE_WINDOWS_NOISE,ADMIN_GOVERNANCE_EXTERNAL_REVIEW
00_ADMIN,00_ADMIN/DRIVE_TREE_AUDIT/P3JAPPLY-20260613-202225-MOVE_DRYRUN_OR_APPLY_LOG.csv,.csv,63518,EXTERNAL_ARCHIVE_OR_DEFER,ADMIN_GOVERNANCE_EXTERNAL_REVIEW
00_ADMIN,00_ADMIN/DRIVE_TREE_AUDIT/P3JAPPLY-20260613-212431-MOVE_APPLY_LOG.csv,.csv,63486,EXTERNAL_ARCHIVE_OR_DEFER,ADMIN_GOVERNANCE_EXTERNAL_REVIEW
00_ADMIN,00_ADMIN/DRIVE_TREE_AUDIT/P3JLOCAL-20260613-200418-DRIVE_TREE_AUDIT.csv,.csv,80370,EXTERNAL_ARCHIVE_OR_DEFER,ADMIN_GOVERNANCE_EXTERNAL_REVIEW
00_ADMIN,00_ADMIN/DRIVE_TREE_AUDIT/P3JLOCAL-20260613-200418-MOVE_MANIFEST_AUDIT_ONLY.csv,.csv,40757,EXTERNAL_ARCHIVE_OR_DEFER,ADMIN_GOVERNANCE_EXTERNAL_REVIEW
00_ADMIN,00_ADMIN/DRIVE_TREE_AUDIT/P3JLOCAL-20260613-200418-REPORT.txt,.txt,777,REVIEW_DOC_OR_REFERENCE,ADMIN_GOVERNANCE_EXTERNAL_REVIEW
00_ADMIN,00_ADMIN/MANIFEST.md,.md,922,REVIEW_DOC_OR_REFERENCE,ADMIN_GOVERNANCE_EXTERNAL_REVIEW
00_ADMIN,00_ADMIN/MANIFEST_MVP_QAIC_CLASP_GIT_EXPORT_0.1.1.md,.md,319,REVIEW_DOC_OR_REFERENCE,ADMIN_GOVERNANCE_EXTERNAL_REVIEW
00_ADMIN,00_ADMIN/MANIFEST_MVP_QAIC_CLASP_GIT_EXPORT_0.1.3.md,.md,358,REVIEW_DOC_OR_REFERENCE,ADMIN_GOVERNANCE_EXTERNAL_REVIEW
00_ADMIN,00_ADMIN/MANIFEST_MVP_QAIC_CLASP_GIT_EXPORT_0.1.5.md,.md,284,REVIEW_DOC_OR_REFERENCE,ADMIN_GOVERNANCE_EXTERNAL_REVIEW
00_ADMIN,00_ADMIN/MANIFEST_MVP_QAIC_DOCS_0.2.2.md,.md,913,REVIEW_DOC_OR_REFERENCE,ADMIN_GOVERNANCE_EXTERNAL_REVIEW
00_ADMIN,00_ADMIN/MANIFEST_MVP_QAIC_DOCS_P0B6_0.3.1_FULL_FUSION.md,.md,1537,REVIEW_DOC_OR_REFERENCE,ADMIN_GOVERNANCE_EXTERNAL_REVIEW
00_ADMIN,00_ADMIN/MANIFEST_MVP_QAIC_INSTRUCTIONS_0.4.9.md,.md,647,REVIEW_DOC_OR_REFERENCE,ADMIN_GOVERNANCE_EXTERNAL_REVIEW
00_ADMIN,00_ADMIN/README_MVP_QAIC_DOCS_P0B6_0.3.1_FULL_FUSION.md,.md,615,REVIEW_DOC_OR_REFERENCE,ADMIN_GOVERNANCE_EXTERNAL_REVIEW
00_ADMIN,00_ADMIN/README_MVP_QAIC_INSTRUCTIONS_0.4.9.md,.md,935,REVIEW_DOC_OR_REFERENCE,ADMIN_GOVERNANCE_EXTERNAL_REVIEW
00_ADMIN,00_ADMIN/README_PROJECT.md,.md,1199,REVIEW_DOC_OR_REFERENCE,ADMIN_GOVERNANCE_EXTERNAL_REVIEW
01_DOCS,01_DOCS/ARCHITECTURE/desktop.ini,.ini,246,IGNORE_WINDOWS_NOISE,CANONICAL_DOCS_REVIEW_QUEUE
01_DOCS,01_DOCS/ARCHITECTURE/🧠 DECISION_JOURNAL_USAGE_AND_PROMPT_IMPROVEMENT_LOOP_0.4.6.md,.md,1183,REVIEW_DOC_OR_REFERENCE,CANONICAL_DOCS_REVIEW_QUEUE
01_DOCS,01_DOCS/ARCHITECTURE/🧱 ARCHITECTURE_MVP_QAIC_LEXIQUE_FIRST_0.7.2_REAL_FULL_SOURCE_FUSION.md,.md,8554,REVIEW_DOC_OR_REFERENCE,CANONICAL_DOCS_REVIEW_QUEUE
01_DOCS,01_DOCS/ARCHITECTURE/🧱 ARCHITECTURE_MVP_QAIC_LEXIQUE_FIRST_APPSHEET_QAIC_PYTHON_0.6.2.md,.md,5112,REVIEW_DOC_OR_REFERENCE,CANONICAL_DOCS_REVIEW_QUEUE
01_DOCS,01_DOCS/ARCHIVE_MANIFESTS/desktop.ini,.ini,246,IGNORE_WINDOWS_NOISE,CANONICAL_DOCS_REVIEW_QUEUE
01_DOCS,01_DOCS/ARCHIVE_MANIFESTS/MVP_QAIC_PY/desktop.ini,.ini,246,IGNORE_WINDOWS_NOISE,CANONICAL_DOCS_REVIEW_QUEUE
01_DOCS,01_DOCS/ARCHIVE_MANIFESTS/MVP_QAIC_PY/MVP_QAIC_ARCHIVE_GATE.csv,.csv,2766111,EXTERNAL_ARCHIVE_OR_DEFER,CANONICAL_DOCS_REVIEW_QUEUE
01_DOCS,01_DOCS/ARCHIVE_MANIFESTS/MVP_QAIC_PY/P203B2_R3_ARCHIVE_GATE_CANDIDATES.csv,.csv,43188,EXTERNAL_ARCHIVE_OR_DEFER,CANONICAL_DOCS_REVIEW_QUEUE
01_DOCS,01_DOCS/ARCHIVE_MANIFESTS/MVP_QAIC_PY/P203B3_ARCHIVE_APPLY_PLAN_REVIEW_ONLY.csv,.csv,307852,EXTERNAL_ARCHIVE_OR_DEFER,CANONICAL_DOCS_REVIEW_QUEUE
01_DOCS,01_DOCS/ARCHIVE_MANIFESTS/MVP_QAIC_PY/P203B4A_ARCHIVE_AUTHORIZATION_CANDIDATES.csv,.csv,245362,EXTERNAL_ARCHIVE_OR_DEFER,CANONICAL_DOCS_REVIEW_QUEUE
01_DOCS,01_DOCS/ARCHIVE_MANIFESTS/MVP_QAIC_PY/P203B4A_HOLD_REVIEW_ITEMS.csv,.csv,62681,EXTERNAL_ARCHIVE_OR_DEFER,CANONICAL_DOCS_REVIEW_QUEUE
01_DOCS,01_DOCS/ARCHIVE_MANIFESTS/MVP_QAIC_PY/✅ MVP_QAIC_P203B4A_HUMAN_AUTHORIZATION_TEMPLATE_v0.4.0.md,.md,654,REVIEW_DOC_OR_REFERENCE,CANONICAL_DOCS_REVIEW_QUEUE
01_DOCS,01_DOCS/CDC/.keep,[no_ext],41,DEFER_BY_SCOPE,CANONICAL_DOCS_REVIEW_QUEUE
01_DOCS,01_DOCS/CDC/desktop.ini,.ini,246,IGNORE_WINDOWS_NOISE,CANONICAL_DOCS_REVIEW_QUEUE
01_DOCS,01_DOCS/CDC/MEMO_CDC_MVP_QAIC_PHASE4_TO_FINAL_1.4.2.md,.md,5564,REVIEW_DOC_OR_REFERENCE,CANONICAL_DOCS_REVIEW_QUEUE
01_DOCS,01_DOCS/CDC/MEMO_MVP_QAIC_PHASE4_TO_FINAL_1.4.2.md,.md,9525,REVIEW_DOC_OR_REFERENCE,CANONICAL_DOCS_REVIEW_QUEUE
01_DOCS,01_DOCS/CDC/📘 CDC_MVP_QAIC_WEB_APP_LEXIQUE_FIRST_0.6.2_REAL_FUSION_REPAIR.md,.md,27670,REVIEW_DOC_OR_REFERENCE,CANONICAL_DOCS_REVIEW_QUEUE
01_DOCS,01_DOCS/CDC/📘 CDC_MVP_QAIC_WEB_APP_LEXIQUE_FIRST_0.7.2_REAL_FULL_SOURCE_FUSION.md,.md,31100,REVIEW_DOC_OR_REFERENCE,CANONICAL_DOCS_REVIEW_QUEUE
01_DOCS,01_DOCS/CHANGELOG/CHANGELOG_MVP_QAIC_INSTRUCTIONS_0.5.0.md,.md,1081,REVIEW_DOC_OR_REFERENCE,CANONICAL_DOCS_REVIEW_QUEUE
01_DOCS,01_DOCS/CHANGELOG/desktop.ini,.ini,246,IGNORE_WINDOWS_NOISE,CANONICAL_DOCS_REVIEW_QUEUE
01_DOCS,01_DOCS/CHANGELOG/🧾 CHANGELOG_MVP_QAIC_REFERENCE_DOCS_0.6.2.md,.md,793,REVIEW_DOC_OR_REFERENCE,CANONICAL_DOCS_REVIEW_QUEUE
01_DOCS,01_DOCS/desktop.ini,.ini,246,IGNORE_WINDOWS_NOISE,CANONICAL_DOCS_REVIEW_QUEUE
01_DOCS,01_DOCS/FINAL_DRAFTS/desktop.ini,.ini,246,IGNORE_WINDOWS_NOISE,CANONICAL_DOCS_REVIEW_QUEUE
01_DOCS,01_DOCS/FINAL_DRAFTS/MVP_QAIC_PY/desktop.ini,.ini,246,IGNORE_WINDOWS_NOISE,CANONICAL_DOCS_REVIEW_QUEUE
01_DOCS,01_DOCS/FINAL_DRAFTS/MVP_QAIC_PY/P203B1/desktop.ini,.ini,246,IGNORE_WINDOWS_NOISE,CANONICAL_DOCS_REVIEW_QUEUE
01_DOCS,01_DOCS/FINAL_DRAFTS/MVP_QAIC_PY/P203B1/MVP_QAIC_ARCHITECTURE_MIGRATION_FINAL_FUSED_DRAFT_v0.1.0.md,.md,41931,REVIEW_DOC_OR_REFERENCE,CANONICAL_DOCS_REVIEW_QUEUE
01_DOCS,01_DOCS/FINAL_DRAFTS/MVP_QAIC_PY/P203B1/MVP_QAIC_CDC_CONTRACT_FINAL_FUSED_DRAFT_v0.1.0.md,.md,46815,REVIEW_DOC_OR_REFERENCE,CANONICAL_DOCS_REVIEW_QUEUE
01_DOCS,01_DOCS/FINAL_DRAFTS/MVP_QAIC_PY/P203B1/MVP_QAIC_INSTRUCTIONS_GOVERNANCE_FINAL_FUSED_DRAFT_v0.1.0.md,.md,43966,REVIEW_DOC_OR_REFERENCE,CANONICAL_DOCS_REVIEW_QUEUE
01_DOCS,01_DOCS/FINAL_DRAFTS/MVP_QAIC_PY/P203B1/MVP_QAIC_NOTICE_RUNBOOK_FINAL_FUSED_DRAFT_v0.1.0.md,.md,39644,REVIEW_DOC_OR_REFERENCE,CANONICAL_DOCS_REVIEW_QUEUE
01_DOCS,01_DOCS/FINAL_DRAFTS/MVP_QAIC_PY/P203B1/MVP_QAIC_PROMPT_GEM_WORKFLOW_FINAL_FUSED_DRAFT_v0.1.0.md,.md,45610,REVIEW_DOC_OR_REFERENCE,CANONICAL_DOCS_REVIEW_QUEUE
01_DOCS,01_DOCS/FINAL_DRAFTS/MVP_QAIC_PY/P203B1/MVP_QAIC_ROADMAP_PLANNING_FINAL_FUSED_DRAFT_v0.1.0.md,.md,42792,REVIEW_DOC_OR_REFERENCE,CANONICAL_DOCS_REVIEW_QUEUE
01_DOCS,01_DOCS/FINAL_DRAFTS/MVP_QAIC_PY/P203B1/MVP_QAIC_SHEETS_COCKPITS_FINAL_FUSED_DRAFT_v0.1.0.md,.md,45789,REVIEW_DOC_OR_REFERENCE,CANONICAL_DOCS_REVIEW_QUEUE
01_DOCS,01_DOCS/FINAL_DRAFTS/MVP_QAIC_PY/P203B1/MVP_QAIC_UI_UX_STITCH_FINAL_FUSED_DRAFT_v0.1.0.md,.md,41075,REVIEW_DOC_OR_REFERENCE,CANONICAL_DOCS_REVIEW_QUEUE
01_DOCS,01_DOCS/FINAL_DRAFTS/MVP_QAIC_PY/P203B1/P203B1_LEGITIMACY_FRESHNESS_GATE.csv,.csv,2464105,EXTERNAL_ARCHIVE_OR_DEFER,CANONICAL_DOCS_REVIEW_QUEUE
01_DOCS,01_DOCS/FINAL_DRAFTS/MVP_QAIC_PY/P203B1/P203B1_R2_LEGITIMACY_FRESHNESS_GATE.csv,.csv,2908445,EXTERNAL_ARCHIVE_OR_DEFER,CANONICAL_DOCS_REVIEW_QUEUE
01_DOCS,01_DOCS/FINAL_DRAFTS/MVP_QAIC_PY/P203B1/P203B1_R2_THEME_SUMMARY.csv,.csv,1331,EXTERNAL_ARCHIVE_OR_DEFER,CANONICAL_DOCS_REVIEW_QUEUE
01_DOCS,01_DOCS/FINAL_DRAFTS/MVP_QAIC_PY/P203B1/🎨 MVP_QAIC_UI_UX_STITCH_FINAL_FUSED_DRAFT_v0.1.0.md,.md,23719,REVIEW_DOC_OR_REFERENCE,CANONICAL_DOCS_REVIEW_QUEUE
01_DOCS,01_DOCS/FINAL_DRAFTS/MVP_QAIC_PY/P203B1/💎 MVP_QAIC_PROMPT_GEM_WORKFLOW_FINAL_FUSED_DRAFT_v0.1.0.md,.md,29554,REVIEW_DOC_OR_REFERENCE,CANONICAL_DOCS_REVIEW_QUEUE
01_DOCS,01_DOCS/FINAL_DRAFTS/MVP_QAIC_PY/P203B1/📊 MVP_QAIC_SHEETS_COCKPITS_FINAL_FUSED_DRAFT_v0.1.0.md,.md,28273,REVIEW_DOC_OR_REFERENCE,CANONICAL_DOCS_REVIEW_QUEUE
01_DOCS,01_DOCS/FINAL_DRAFTS/MVP_QAIC_PY/P203B1/📘 MVP_QAIC_CDC_CONTRACT_FINAL_FUSED_DRAFT_v0.1.0.md,.md,30206,REVIEW_DOC_OR_REFERENCE,CANONICAL_DOCS_REVIEW_QUEUE
02_BUILD,02_BUILD/desktop.ini,.ini,246,IGNORE_WINDOWS_NOISE,EXTERNAL_ARCHIVE_BUILD_OUTPUTS
02_BUILD,02_BUILD/LEXIQUE_READER_MVP/00_RUNBOOK/desktop.ini,.ini,246,IGNORE_WINDOWS_NOISE,EXTERNAL_ARCHIVE_BUILD_OUTPUTS
02_BUILD,02_BUILD/LEXIQUE_READER_MVP/00_RUNBOOK/P15G_ANTIGRAVITY_RUNBOOK.md,.md,1493,REVIEW_DOC_OR_REFERENCE,EXTERNAL_ARCHIVE_BUILD_OUTPUTS
02_BUILD,02_BUILD/LEXIQUE_READER_MVP/00_RUNBOOK/P15G_STITCH_RUNBOOK.md,.md,1484,REVIEW_DOC_OR_REFERENCE,EXTERNAL_ARCHIVE_BUILD_OUTPUTS
02_BUILD,02_BUILD/LEXIQUE_READER_MVP/00_RUNBOOK/P16A_FAST_OPERATOR_INSTRUCTIONS.md,.md,940,REVIEW_DOC_OR_REFERENCE,EXTERNAL_ARCHIVE_BUILD_OUTPUTS
02_BUILD,02_BUILD/LEXIQUE_READER_MVP/00_RUNBOOK/README_LEXIQUE_READER_MVP.md,.md,505,REVIEW_DOC_OR_REFERENCE,EXTERNAL_ARCHIVE_BUILD_OUTPUTS
02_BUILD,02_BUILD/LEXIQUE_READER_MVP/01_PROMPT_PACKS/desktop.ini,.ini,246,IGNORE_WINDOWS_NOISE,EXTERNAL_ARCHIVE_BUILD_OUTPUTS
02_BUILD,02_BUILD/LEXIQUE_READER_MVP/01_PROMPT_PACKS/P15F_20260617_125531/desktop.ini,.ini,246,IGNORE_WINDOWS_NOISE,EXTERNAL_ARCHIVE_BUILD_OUTPUTS
02_BUILD,02_BUILD/LEXIQUE_READER_MVP/01_PROMPT_PACKS/P15F_20260617_125531/P15D_ANTIGRAVITY_MASTER_PROMPT.md,.md,883,REVIEW_DOC_OR_REFERENCE,EXTERNAL_ARCHIVE_BUILD_OUTPUTS
02_BUILD,02_BUILD/LEXIQUE_READER_MVP/01_PROMPT_PACKS/P15F_20260617_125531/P15D_BUILD_PACK_INDEX.csv,.csv,333,EXTERNAL_ARCHIVE_OR_DEFER,EXTERNAL_ARCHIVE_BUILD_OUTPUTS
02_BUILD,02_BUILD/LEXIQUE_READER_MVP/01_PROMPT_PACKS/P15F_20260617_125531/P15D_BUILD_REQUIREMENTS.md,.md,666,REVIEW_DOC_OR_REFERENCE,EXTERNAL_ARCHIVE_BUILD_OUTPUTS
02_BUILD,02_BUILD/LEXIQUE_READER_MVP/01_PROMPT_PACKS/P15F_20260617_125531/P15D_HANDOFF.md,.md,550,REVIEW_DOC_OR_REFERENCE,EXTERNAL_ARCHIVE_BUILD_OUTPUTS
02_BUILD,02_BUILD/LEXIQUE_READER_MVP/01_PROMPT_PACKS/P15F_20260617_125531/P15D_SAFETY_GUARDS.csv,.csv,416,EXTERNAL_ARCHIVE_OR_DEFER,EXTERNAL_ARCHIVE_BUILD_OUTPUTS
02_BUILD,02_BUILD/LEXIQUE_READER_MVP/01_PROMPT_PACKS/P15F_20260617_125531/P15D_STITCH_MASTER_PROMPT.md,.md,572,REVIEW_DOC_OR_REFERENCE,EXTERNAL_ARCHIVE_BUILD_OUTPUTS
02_BUILD,02_BUILD/LEXIQUE_READER_MVP/01_PROMPT_PACKS/P15F_20260617_125531/P15D_SUMMARY.csv,.csv,962,EXTERNAL_ARCHIVE_OR_DEFER,EXTERNAL_ARCHIVE_BUILD_OUTPUTS
02_BUILD,02_BUILD/LEXIQUE_READER_MVP/02_BUILD_INPUTS/COPY_THIS_INTO_ANTIGRAVITY.md,.md,2058,REVIEW_DOC_OR_REFERENCE,EXTERNAL_ARCHIVE_BUILD_OUTPUTS
02_BUILD,02_BUILD/LEXIQUE_READER_MVP/02_BUILD_INPUTS/COPY_THIS_INTO_STITCH.md,.md,1749,REVIEW_DOC_OR_REFERENCE,EXTERNAL_ARCHIVE_BUILD_OUTPUTS
02_BUILD,02_BUILD/LEXIQUE_READER_MVP/02_BUILD_INPUTS/desktop.ini,.ini,246,IGNORE_WINDOWS_NOISE,EXTERNAL_ARCHIVE_BUILD_OUTPUTS
02_BUILD,02_BUILD/LEXIQUE_READER_MVP/02_BUILD_INPUTS/P15G_INPUT_POINTERS.txt,.txt,1489,REVIEW_DOC_OR_REFERENCE,EXTERNAL_ARCHIVE_BUILD_OUTPUTS
02_BUILD,02_BUILD/LEXIQUE_READER_MVP/03_BUILD_OUTPUTS/CHATGPT_STATIC_LEXIQUE_READER_P16A2_20260617_131649.zip,.zip,14987,EXTERNAL_ARCHIVE_OR_DEFER,EXTERNAL_ARCHIVE_BUILD_OUTPUTS
02_BUILD,02_BUILD/LEXIQUE_READER_MVP/03_BUILD_OUTPUTS/CHATGPT_STATIC_LEXIQUE_READER_P16A2_20260617_131649/app.js,.js,80145,DEFER_BY_SCOPE,EXTERNAL_ARCHIVE_BUILD_OUTPUTS
02_BUILD,02_BUILD/LEXIQUE_READER_MVP/03_BUILD_OUTPUTS/CHATGPT_STATIC_LEXIQUE_READER_P16A2_20260617_131649/BUILD_PROVENANCE.json,.json,652,REVIEW_DOC_OR_REFERENCE,EXTERNAL_ARCHIVE_BUILD_OUTPUTS
02_BUILD,02_BUILD/LEXIQUE_READER_MVP/03_BUILD_OUTPUTS/CHATGPT_STATIC_LEXIQUE_READER_P16A2_20260617_131649/desktop.ini,.ini,246,IGNORE_WINDOWS_NOISE,EXTERNAL_ARCHIVE_BUILD_OUTPUTS
02_BUILD,02_BUILD/LEXIQUE_READER_MVP/03_BUILD_OUTPUTS/CHATGPT_STATIC_LEXIQUE_READER_P16A2_20260617_131649/index.html,.html,1453,REVIEW_DOC_OR_REFERENCE,EXTERNAL_ARCHIVE_BUILD_OUTPUTS
02_BUILD,02_BUILD/LEXIQUE_READER_MVP/03_BUILD_OUTPUTS/CHATGPT_STATIC_LEXIQUE_READER_P16A2_20260617_131649/lexique-data.json,.json,74925,REVIEW_DOC_OR_REFERENCE,EXTERNAL_ARCHIVE_BUILD_OUTPUTS
02_BUILD,02_BUILD/LEXIQUE_READER_MVP/03_BUILD_OUTPUTS/CHATGPT_STATIC_LEXIQUE_READER_P16A2_20260617_131649/README_BUILD_OUTPUT.md,.md,452,REVIEW_DOC_OR_REFERENCE,EXTERNAL_ARCHIVE_BUILD_OUTPUTS
02_BUILD,02_BUILD/LEXIQUE_READER_MVP/03_BUILD_OUTPUTS/CHATGPT_STATIC_LEXIQUE_READER_P16A2_20260617_131649/styles.css,.css,2504,DEFER_BY_SCOPE,EXTERNAL_ARCHIVE_BUILD_OUTPUTS
02_BUILD,02_BUILD/LEXIQUE_READER_MVP/03_BUILD_OUTPUTS/desktop.ini,.ini,246,IGNORE_WINDOWS_NOISE,EXTERNAL_ARCHIVE_BUILD_OUTPUTS
02_BUILD,02_BUILD/LEXIQUE_READER_MVP/03_BUILD_OUTPUTS/P20A2_20260617_144010223/desktop.ini,.ini,246,IGNORE_WINDOWS_NOISE,EXTERNAL_ARCHIVE_BUILD_OUTPUTS
02_BUILD,02_BUILD/LEXIQUE_READER_MVP/03_BUILD_OUTPUTS/P20A2_20260617_144010223/EXTRACTED_STITCH_OUTPUT/code.html,.html,19000,REVIEW_DOC_OR_REFERENCE,EXTERNAL_ARCHIVE_BUILD_OUTPUTS
02_BUILD,02_BUILD/LEXIQUE_READER_MVP/03_BUILD_OUTPUTS/P20A2_20260617_144010223/EXTRACTED_STITCH_OUTPUT/DESIGN.md,.md,7658,REVIEW_DOC_OR_REFERENCE,EXTERNAL_ARCHIVE_BUILD_OUTPUTS
02_BUILD,02_BUILD/LEXIQUE_READER_MVP/03_BUILD_OUTPUTS/P20A2_20260617_144010223/EXTRACTED_STITCH_OUTPUT/desktop.ini,.ini,246,IGNORE_WINDOWS_NOISE,EXTERNAL_ARCHIVE_BUILD_OUTPUTS
02_BUILD,02_BUILD/LEXIQUE_READER_MVP/03_BUILD_OUTPUTS/P20A2_20260617_144010223/EXTRACTED_STITCH_OUTPUT/screen.png,.png,234253,DEFER_BY_SCOPE,EXTERNAL_ARCHIVE_BUILD_OUTPUTS
02_BUILD,02_BUILD/LEXIQUE_READER_MVP/03_BUILD_OUTPUTS/P20A_20260617_143804/desktop.ini,.ini,246,IGNORE_WINDOWS_NOISE,EXTERNAL_ARCHIVE_BUILD_OUTPUTS
02_BUILD,02_BUILD/LEXIQUE_READER_MVP/03_BUILD_OUTPUTS/P20A_20260617_143804/EXTRACTED_STITCH_OUTPUT/desktop.ini,.ini,246,IGNORE_WINDOWS_NOISE,EXTERNAL_ARCHIVE_BUILD_OUTPUTS
02_BUILD,02_BUILD/LEXIQUE_READER_MVP/03_BUILD_OUTPUTS/P20B1_20260617_144254/desktop.ini,.ini,246,IGNORE_WINDOWS_NOISE,EXTERNAL_ARCHIVE_BUILD_OUTPUTS
02_BUILD,02_BUILD/LEXIQUE_READER_MVP/03_BUILD_OUTPUTS/P20B1_20260617_144254/NORMALIZED_STITCH_WEB/DESIGN.md,.md,7658,REVIEW_DOC_OR_REFERENCE,EXTERNAL_ARCHIVE_BUILD_OUTPUTS
02_BUILD,02_BUILD/LEXIQUE_READER_MVP/03_BUILD_OUTPUTS/P20B1_20260617_144254/NORMALIZED_STITCH_WEB/desktop.ini,.ini,246,IGNORE_WINDOWS_NOISE,EXTERNAL_ARCHIVE_BUILD_OUTPUTS
02_BUILD,02_BUILD/LEXIQUE_READER_MVP/03_BUILD_OUTPUTS/P20B1_20260617_144254/NORMALIZED_STITCH_WEB/index.html,.html,19000,REVIEW_DOC_OR_REFERENCE,EXTERNAL_ARCHIVE_BUILD_OUTPUTS
02_BUILD,02_BUILD/LEXIQUE_READER_MVP/03_BUILD_OUTPUTS/P20B1_20260617_144254/NORMALIZED_STITCH_WEB/screen.png,.png,234253,DEFER_BY_SCOPE,EXTERNAL_ARCHIVE_BUILD_OUTPUTS
02_DELIVERABLES_ZIP,02_DELIVERABLES_ZIP/desktop.ini,.ini,246,IGNORE_WINDOWS_NOISE,EXTERNAL_ARCHIVE_DELIVERABLE_ZIPS
02_DELIVERABLES_ZIP,02_DELIVERABLES_ZIP/MVPQAIC_REFERENCE_DOCS_REAL_FUSION_REPAIR_0.6.2_20260616.zip,.zip,46652,EXTERNAL_ARCHIVE_OR_DEFER,EXTERNAL_ARCHIVE_DELIVERABLE_ZIPS
02_DELIVERABLES_ZIP,02_DELIVERABLES_ZIP/REFERENCE_DOCS_REAL_FULL_SOURCE_FUSION_0.7.2_20260620/desktop.ini,.ini,246,IGNORE_WINDOWS_NOISE,EXTERNAL_ARCHIVE_DELIVERABLE_ZIPS
02_DELIVERABLES_ZIP,02_DELIVERABLES_ZIP/REFERENCE_DOCS_REAL_FULL_SOURCE_FUSION_0.7.2_20260620/PACK073/desktop.ini,.ini,246,IGNORE_WINDOWS_NOISE,EXTERNAL_ARCHIVE_DELIVERABLE_ZIPS
02_DELIVERABLES_ZIP,02_DELIVERABLES_ZIP/REFERENCE_DOCS_REAL_FULL_SOURCE_FUSION_0.7.2_20260620/PACK073/MVP_QAIC_PROCESS_GOVERNANCE_073.zip,.zip,6304,EXTERNAL_ARCHIVE_OR_DEFER,EXTERNAL_ARCHIVE_DELIVERABLE_ZIPS
02_DELIVERABLES_ZIP,02_DELIVERABLES_ZIP/REFERENCE_DOCS_REAL_FULL_SOURCE_FUSION_0.7.2_20260620/SHA256/desktop.ini,.ini,246,IGNORE_WINDOWS_NOISE,EXTERNAL_ARCHIVE_DELIVERABLE_ZIPS
02_DELIVERABLES_ZIP,02_DELIVERABLES_ZIP/REFERENCE_DOCS_REAL_FULL_SOURCE_FUSION_0.7.2_20260620/ZIP/desktop.ini,.ini,246,IGNORE_WINDOWS_NOISE,EXTERNAL_ARCHIVE_DELIVERABLE_ZIPS
02_DELIVERABLES_ZIP,02_DELIVERABLES_ZIP/REFERENCE_DOCS_REAL_FUSION_REPAIR_0.6.2_20260616-035322/desktop.ini,.ini,246,IGNORE_WINDOWS_NOISE,EXTERNAL_ARCHIVE_DELIVERABLE_ZIPS
02_DELIVERABLES_ZIP,02_DELIVERABLES_ZIP/REFERENCE_DOCS_REAL_FUSION_REPAIR_0.6.2_20260616-035322/MVPQAIC_REFERENCE_DOCS_REAL_FUSION_REPAIR_0.6.2_20260616.zip,.zip,46652,EXTERNAL_ARCHIVE_OR_DEFER,EXTERNAL_ARCHIVE_DELIVERABLE_ZIPS
02_DELIVERABLES_ZIP,02_DELIVERABLES_ZIP/REFERENCE_DOCS_REAL_FUSION_REPAIR_0.6.2_20260616-035322/RANGEMENT_MVPQAIC_REFERENCE_DOCS_0.6.2_20260616-035322.md,.md,3892,REVIEW_DOC_OR_REFERENCE,EXTERNAL_ARCHIVE_DELIVERABLE_ZIPS
02_DELIVERABLES_ZIP,02_DELIVERABLES_ZIP/ROOT_STRAY_DELIVERABLES_REVIEW_20260620/desktop.ini,.ini,246,IGNORE_WINDOWS_NOISE,EXTERNAL_ARCHIVE_DELIVERABLE_ZIPS
02_DELIVERABLES_ZIP,02_DELIVERABLES_ZIP/ROOT_STRAY_DELIVERABLES_REVIEW_20260620/MVP_QAIC_P28_MAXI_CONTENT_EXTENSION_MANIFEST_20260618_170936.gdoc,.gdoc,195,REVIEW_DOC_OR_REFERENCE,EXTERNAL_ARCHIVE_DELIVERABLE_ZIPS
02_DELIVERABLES_ZIP,02_DELIVERABLES_ZIP/ROOT_STRAY_DELIVERABLES_REVIEW_20260620/MVP_QAIC_P29A_HUMAN_REVIEW_WORKBENCH_MANIFEST_20260618_171207.gdoc,.gdoc,195,REVIEW_DOC_OR_REFERENCE,EXTERNAL_ARCHIVE_DELIVERABLE_ZIPS
02_DELIVERABLES_ZIP,02_DELIVERABLES_ZIP/ROOT_STRAY_DELIVERABLES_REVIEW_20260620/MVP_QAIC_P29B_TO_P29E_MAXI_MANIFEST_20260618_171905.gdoc,.gdoc,195,REVIEW_DOC_OR_REFERENCE,EXTERNAL_ARCHIVE_DELIVERABLE_ZIPS
02_DELIVERABLES_ZIP,02_DELIVERABLES_ZIP/ROOT_STRAY_DELIVERABLES_REVIEW_20260620/MVP_QAIC_P30_P31_FINAL_PRIVATE_RELEASE_MAXI_20260618_172617.zip,.zip,12787,EXTERNAL_ARCHIVE_OR_DEFER,EXTERNAL_ARCHIVE_DELIVERABLE_ZIPS
02_DELIVERABLES_ZIP,02_DELIVERABLES_ZIP/ROOT_STRAY_DELIVERABLES_REVIEW_20260620/MVP_QAIC_P30_P31_FINAL_PRIVATE_RELEASE_MAXI_MANIFEST_20260618_172617.gdoc,.gdoc,195,REVIEW_DOC_OR_REFERENCE,EXTERNAL_ARCHIVE_DELIVERABLE_ZIPS
02_DELIVERABLES_ZIP,02_DELIVERABLES_ZIP/ROOT_STRAY_DELIVERABLES_REVIEW_20260620/MVP_QAIC_P32_P33_P34_MAXI_20260618_173945.zip,.zip,10708,EXTERNAL_ARCHIVE_OR_DEFER,EXTERNAL_ARCHIVE_DELIVERABLE_ZIPS
02_DELIVERABLES_ZIP,02_DELIVERABLES_ZIP/ROOT_STRAY_DELIVERABLES_REVIEW_20260620/MVP_QAIC_P32_P33_P34_MAXI_MANIFEST_20260618_173945.gdoc,.gdoc,195,REVIEW_DOC_OR_REFERENCE,EXTERNAL_ARCHIVE_DELIVERABLE_ZIPS
02_DELIVERABLES_ZIP,02_DELIVERABLES_ZIP/ROOT_STRAY_DELIVERABLES_REVIEW_20260620/MVP_QAIC_P35A_TO_P35D_MAXI_20260618_175011.zip,.zip,11807,EXTERNAL_ARCHIVE_OR_DEFER,EXTERNAL_ARCHIVE_DELIVERABLE_ZIPS
02_DELIVERABLES_ZIP,02_DELIVERABLES_ZIP/ROOT_STRAY_DELIVERABLES_REVIEW_20260620/MVP_QAIC_P35A_TO_P35D_MAXI_MANIFEST_20260618_175011.gdoc,.gdoc,195,REVIEW_DOC_OR_REFERENCE,EXTERNAL_ARCHIVE_DELIVERABLE_ZIPS
02_DELIVERABLES_ZIP,02_DELIVERABLES_ZIP/ROOT_STRAY_DELIVERABLES_REVIEW_20260620/MVP_QAIC_P36A_TO_P36D_MAXI_20260618_175703.zip,.zip,4180,EXTERNAL_ARCHIVE_OR_DEFER,EXTERNAL_ARCHIVE_DELIVERABLE_ZIPS
02_DELIVERABLES_ZIP,02_DELIVERABLES_ZIP/ROOT_STRAY_DELIVERABLES_REVIEW_20260620/MVP_QAIC_P37A_TO_P37D_MAXI_20260618_180426.zip,.zip,5268,EXTERNAL_ARCHIVE_OR_DEFER,EXTERNAL_ARCHIVE_DELIVERABLE_ZIPS
02_DELIVERABLES_ZIP,02_DELIVERABLES_ZIP/ROOT_STRAY_DELIVERABLES_REVIEW_20260620/MVP_QAIC_P38A_TO_P38D_READYNESS_MAXI_20260618_180955.zip,.zip,4750,EXTERNAL_ARCHIVE_OR_DEFER,EXTERNAL_ARCHIVE_DELIVERABLE_ZIPS
02_DELIVERABLES_ZIP,02_DELIVERABLES_ZIP/ROOT_STRAY_DELIVERABLES_REVIEW_20260620/MVP_QAIC_P39_SAFE_PACK_20260618_181335.zip,.zip,7392,EXTERNAL_ARCHIVE_OR_DEFER,EXTERNAL_ARCHIVE_DELIVERABLE_ZIPS
02_DELIVERABLES_ZIP,02_DELIVERABLES_ZIP/ROOT_STRAY_DELIVERABLES_REVIEW_20260620/MVP_QAIC_P40_PRIVATE_PREVIEW_RESULT_INTAKE_MAXI_20260618_182128.zip,.zip,5475,EXTERNAL_ARCHIVE_OR_DEFER,EXTERNAL_ARCHIVE_DELIVERABLE_ZIPS
02_DELIVERABLES_ZIP,02_DELIVERABLES_ZIP/ROOT_STRAY_DELIVERABLES_REVIEW_20260620/MVP_QAIC_P41_DYNAMIC_SHEETS_WEBAPP_SYNC_20260618_184511_DEPRECATED_USE_P42.zip,.zip,12421,EXTERNAL_ARCHIVE_OR_DEFER,EXTERNAL_ARCHIVE_DELIVERABLE_ZIPS
02_DELIVERABLES_ZIP,02_DELIVERABLES_ZIP/ROOT_STRAY_DELIVERABLES_REVIEW_20260620/MVP_QAIC_P41_SAFE_PACK_20260618_184511_DEPRECATED_USE_P42_P43.zip,.zip,12421,EXTERNAL_ARCHIVE_OR_DEFER,EXTERNAL_ARCHIVE_DELIVERABLE_ZIPS
02_SHEETS,02_SHEETS/BACKUPS/.keep,[no_ext],41,DEFER_BY_SCOPE,EXTERNAL_REFERENCE_SHEETS
02_SHEETS,02_SHEETS/BACKUPS/desktop.ini,.ini,246,IGNORE_WINDOWS_NOISE,EXTERNAL_REFERENCE_SHEETS
02_SHEETS,02_SHEETS/desktop.ini,.ini,246,IGNORE_WINDOWS_NOISE,EXTERNAL_REFERENCE_SHEETS
02_SHEETS,02_SHEETS/DEV/.keep,[no_ext],41,DEFER_BY_SCOPE,EXTERNAL_REFERENCE_SHEETS
02_SHEETS,02_SHEETS/DEV/desktop.ini,.ini,246,IGNORE_WINDOWS_NOISE,EXTERNAL_REFERENCE_SHEETS
02_SHEETS,02_SHEETS/EXPORTS_CSV/.keep,[no_ext],41,DEFER_BY_SCOPE,EXTERNAL_REFERENCE_SHEETS
02_SHEETS,02_SHEETS/EXPORTS_CSV/DECISION_JOURNAL_P1C_TEST_ENTRY_0.4.3.csv,.csv,1515,EXTERNAL_ARCHIVE_OR_DEFER,EXTERNAL_REFERENCE_SHEETS
02_SHEETS,02_SHEETS/EXPORTS_CSV/desktop.ini,.ini,246,IGNORE_WINDOWS_NOISE,EXTERNAL_REFERENCE_SHEETS
02_SHEETS,02_SHEETS/EXPORTS_CSV/MVPQAIC_CLASP_IMPORTS_ALL.csv,.csv,2108016,EXTERNAL_ARCHIVE_OR_DEFER,EXTERNAL_REFERENCE_SHEETS
02_SHEETS,02_SHEETS/EXPORTS_CSV/MVPQAIC_CLASP_IMPORTS_ALL_HEADERS.csv,.csv,731,EXTERNAL_ARCHIVE_OR_DEFER,EXTERNAL_REFERENCE_SHEETS
02_SHEETS,02_SHEETS/EXPORTS_CSV/RUN-20260620-120040.zip,.zip,4254538,EXTERNAL_ARCHIVE_OR_DEFER,EXTERNAL_REFERENCE_SHEETS
02_SHEETS,02_SHEETS/EXPORTS_CSV/RUN-20260620-120040/_FAILED_DO_NOT_IMPORT.txt,.txt,335,REVIEW_DOC_OR_REFERENCE,EXTERNAL_REFERENCE_SHEETS
02_SHEETS,02_SHEETS/EXPORTS_CSV/RUN-20260620-120040/APPS_SCRIPT_PULL_FRESH/.clasp.json,.json,107,REVIEW_DOC_OR_REFERENCE,EXTERNAL_REFERENCE_SHEETS
02_SHEETS,02_SHEETS/EXPORTS_CSV/RUN-20260620-120040/APPS_SCRIPT_PULL_FRESH/appsscript.json,.json,347,REVIEW_DOC_OR_REFERENCE,EXTERNAL_REFERENCE_SHEETS
02_SHEETS,02_SHEETS/EXPORTS_CSV/RUN-20260620-120040/APPS_SCRIPT_PULL_FRESH/desktop.ini,.ini,246,IGNORE_WINDOWS_NOISE,EXTERNAL_REFERENCE_SHEETS
02_SHEETS,02_SHEETS/EXPORTS_CSV/RUN-20260620-120040/APPS_SCRIPT_PULL_FRESH/mvpqaic_00_setup_p0.js,.js,8054,DEFER_BY_SCOPE,EXTERNAL_REFERENCE_SHEETS
02_SHEETS,02_SHEETS/EXPORTS_CSV/RUN-20260620-120040/APPS_SCRIPT_PULL_FRESH/mvpqaic_01_knowledge_engine.js,.js,6288,DEFER_BY_SCOPE,EXTERNAL_REFERENCE_SHEETS
02_SHEETS,02_SHEETS/EXPORTS_CSV/RUN-20260620-120040/APPS_SCRIPT_PULL_FRESH/mvpqaic_02_formatting.js,.js,3855,DEFER_BY_SCOPE,EXTERNAL_REFERENCE_SHEETS
02_SHEETS,02_SHEETS/EXPORTS_CSV/RUN-20260620-120040/APPS_SCRIPT_PULL_FRESH/mvpqaic_03_import_csv_seeds.js,.js,3264,DEFER_BY_SCOPE,EXTERNAL_REFERENCE_SHEETS
02_SHEETS,02_SHEETS/EXPORTS_CSV/RUN-20260620-120040/APPS_SCRIPT_PULL_FRESH/mvpqaic_04_p0b2_expansion.js,.js,15112,DEFER_BY_SCOPE,EXTERNAL_REFERENCE_SHEETS
02_SHEETS,02_SHEETS/EXPORTS_CSV/RUN-20260620-120040/APPS_SCRIPT_PULL_FRESH/mvpqaic_05_p0b3_institutional_readiness.js,.js,16322,DEFER_BY_SCOPE,EXTERNAL_REFERENCE_SHEETS
02_SHEETS,02_SHEETS/EXPORTS_CSV/RUN-20260620-120040/APPS_SCRIPT_PULL_FRESH/mvpqaic_06_p0b4_gpt_revolutx_bridge.js,.js,30631,DEFER_BY_SCOPE,EXTERNAL_REFERENCE_SHEETS
02_SHEETS,02_SHEETS/EXPORTS_CSV/RUN-20260620-120040/APPS_SCRIPT_PULL_FRESH/mvpqaic_07_p0b5_trade_plan_methods_trailing.js,.js,23885,DEFER_BY_SCOPE,EXTERNAL_REFERENCE_SHEETS
02_SHEETS,02_SHEETS/EXPORTS_CSV/RUN-20260620-120040/APPS_SCRIPT_PULL_FRESH/mvpqaic_08_full_signal_mapping_50_50.js,.js,91459,DEFER_BY_SCOPE,EXTERNAL_REFERENCE_SHEETS
02_SHEETS,02_SHEETS/EXPORTS_CSV/RUN-20260620-120040/APPS_SCRIPT_PULL_FRESH/mvpqaic_09_p1_journal_core.js,.js,112623,DEFER_BY_SCOPE,EXTERNAL_REFERENCE_SHEETS
02_SHEETS,02_SHEETS/EXPORTS_CSV/RUN-20260620-120040/APPS_SCRIPT_PULL_FRESH/mvpqaic_11_p1_prompt_quality_core.js,.js,697313,DEFER_BY_SCOPE,EXTERNAL_REFERENCE_SHEETS
02_SHEETS,02_SHEETS/EXPORTS_CSV/RUN-20260620-120040/APPS_SCRIPT_PULL_FRESH/mvpqaic_20_script_registry_maintenance_core.js,.js,42762,DEFER_BY_SCOPE,EXTERNAL_REFERENCE_SHEETS
02_SHEETS,02_SHEETS/EXPORTS_CSV/RUN-20260620-120040/APPS_SCRIPT_PULL_FRESH/mvpqaic_21_sheet_inventory_cross_audit_core.js,.js,33122,DEFER_BY_SCOPE,EXTERNAL_REFERENCE_SHEETS
02_SHEETS,02_SHEETS/EXPORTS_CSV/RUN-20260620-120040/APPS_SCRIPT_PULL_FRESH/mvpqaic_22_frontend_sheet_rename_migration_core.js,.js,8832,DEFER_BY_SCOPE,EXTERNAL_REFERENCE_SHEETS
02_SHEETS,02_SHEETS/EXPORTS_CSV/RUN-20260620-120040/APPS_SCRIPT_PULL_FRESH/mvpqaic_23_gpt_response_intake_core.js,.js,888909,DEFER_BY_SCOPE,EXTERNAL_REFERENCE_SHEETS
02_SHEETS,02_SHEETS/EXPORTS_CSV/RUN-20260620-120040/APPS_SCRIPT_PULL_FRESH/mvpqaic_31_lexique_master_search_cockpit_core.js,.js,207608,DEFER_BY_SCOPE,EXTERNAL_REFERENCE_SHEETS
02_SHEETS,02_SHEETS/EXPORTS_CSV/RUN-20260620-120040/APPS_SCRIPT_PULL_FRESH/mvpqaic_41_phase4_closure_cdc_tracker_core.js,.js,212480,DEFER_BY_SCOPE,EXTERNAL_REFERENCE_SHEETS
02_SHEETS,02_SHEETS/EXPORTS_CSV/RUN-20260620-120040/APPS_SCRIPT_PULL_FRESH/mvpqaic_42_response_intake_consolidation_audit_core.js,.js,26395,DEFER_BY_SCOPE,EXTERNAL_REFERENCE_SHEETS
02_SHEETS,02_SHEETS/EXPORTS_CSV/RUN-20260620-120040/APPS_SCRIPT_PULL_FRESH/mvpqaic_50_p5_webapp_readiness_core.js,.js,386373,DEFER_BY_SCOPE,EXTERNAL_REFERENCE_SHEETS
02_SHEETS,02_SHEETS/EXPORTS_CSV/RUN-20260620-120040/APPS_SCRIPT_PULL_FRESH/mvpqaic_90_webapp_entrypoint.js,.js,883,DEFER_BY_SCOPE,EXTERNAL_REFERENCE_SHEETS
02_SHEETS,02_SHEETS/EXPORTS_CSV/RUN-20260620-120040/APPS_SCRIPT_PULL_FRESH/mvpqaic_91_webapp_sheets_sync.js,.js,25326,DEFER_BY_SCOPE,EXTERNAL_REFERENCE_SHEETS
02_SHEETS,02_SHEETS/EXPORTS_CSV/RUN-20260620-120040/APPS_SCRIPT_PULL_FRESH/MVPQAIC_Index.html,.html,5169160,REVIEW_DOC_OR_REFERENCE,EXTERNAL_REFERENCE_SHEETS
02_SHEETS,02_SHEETS/EXPORTS_CSV/RUN-20260620-120040/clasp_login_output.txt,.txt,1017,REVIEW_DOC_OR_REFERENCE,EXTERNAL_REFERENCE_SHEETS
02_SHEETS,02_SHEETS/EXPORTS_CSV/RUN-20260620-120040/clasp_logout_output.txt,.txt,121,REVIEW_DOC_OR_REFERENCE,EXTERNAL_REFERENCE_SHEETS
02_SHEETS,02_SHEETS/EXPORTS_CSV/RUN-20260620-120040/clasp_pull_output.txt,.txt,1147,REVIEW_DOC_OR_REFERENCE,EXTERNAL_REFERENCE_SHEETS
03_APPS_SCRIPT,03_APPS_SCRIPT/apps_script/.clasp.json,.json,270,REVIEW_DOC_OR_REFERENCE,EXTERNAL_CODE_APPS_SCRIPT
03_APPS_SCRIPT,03_APPS_SCRIPT/apps_script/appsscript.json,.json,260,REVIEW_DOC_OR_REFERENCE,EXTERNAL_CODE_APPS_SCRIPT
03_APPS_SCRIPT,03_APPS_SCRIPT/apps_script/archive_reference_only/desktop.ini,.ini,246,IGNORE_WINDOWS_NOISE,EXTERNAL_CODE_APPS_SCRIPT
03_APPS_SCRIPT,03_APPS_SCRIPT/apps_script/archive_reference_only/mvpqaic_24_prompt_runtime_catalog_sync_core_DO_NOT_INSTALL_LIVE.gs,.gs,30054,DEFER_BY_SCOPE,EXTERNAL_CODE_APPS_SCRIPT
03_APPS_SCRIPT,03_APPS_SCRIPT/apps_script/desktop.ini,.ini,246,IGNORE_WINDOWS_NOISE,EXTERNAL_CODE_APPS_SCRIPT
03_APPS_SCRIPT,03_APPS_SCRIPT/apps_script/mvpqaic_00_setup_p0.js,.js,8054,DEFER_BY_SCOPE,EXTERNAL_CODE_APPS_SCRIPT
03_APPS_SCRIPT,03_APPS_SCRIPT/apps_script/mvpqaic_01_knowledge_engine.js,.js,6288,DEFER_BY_SCOPE,EXTERNAL_CODE_APPS_SCRIPT
03_APPS_SCRIPT,03_APPS_SCRIPT/apps_script/mvpqaic_02_formatting.js,.js,3855,DEFER_BY_SCOPE,EXTERNAL_CODE_APPS_SCRIPT
03_APPS_SCRIPT,03_APPS_SCRIPT/apps_script/mvpqaic_03_import_csv_seeds.js,.js,3264,DEFER_BY_SCOPE,EXTERNAL_CODE_APPS_SCRIPT
03_APPS_SCRIPT,03_APPS_SCRIPT/apps_script/mvpqaic_04_p0b2_expansion.js,.js,15112,DEFER_BY_SCOPE,EXTERNAL_CODE_APPS_SCRIPT
03_APPS_SCRIPT,03_APPS_SCRIPT/apps_script/mvpqaic_05_p0b3_institutional_readiness.js,.js,16322,DEFER_BY_SCOPE,EXTERNAL_CODE_APPS_SCRIPT
03_APPS_SCRIPT,03_APPS_SCRIPT/apps_script/mvpqaic_06_p0b4_gpt_revolutx_bridge.js,.js,30631,DEFER_BY_SCOPE,EXTERNAL_CODE_APPS_SCRIPT
03_APPS_SCRIPT,03_APPS_SCRIPT/apps_script/mvpqaic_07_p0b5_trade_plan_methods_trailing.js,.js,23885,DEFER_BY_SCOPE,EXTERNAL_CODE_APPS_SCRIPT
03_APPS_SCRIPT,03_APPS_SCRIPT/apps_script/mvpqaic_08_full_signal_mapping_50_50.js,.js,91459,DEFER_BY_SCOPE,EXTERNAL_CODE_APPS_SCRIPT
03_APPS_SCRIPT,03_APPS_SCRIPT/apps_script/mvpqaic_09_p1_journal_core.gs,.gs,18363,DEFER_BY_SCOPE,EXTERNAL_CODE_APPS_SCRIPT
03_APPS_SCRIPT,03_APPS_SCRIPT/apps_script/mvpqaic_09_p1_journal_core.js,.js,18363,DEFER_BY_SCOPE,EXTERNAL_CODE_APPS_SCRIPT
03_APPS_SCRIPT,03_APPS_SCRIPT/apps_script/mvpqaic_09_p1c_decision_journal_append.gs,.gs,10572,DEFER_BY_SCOPE,EXTERNAL_CODE_APPS_SCRIPT
03_APPS_SCRIPT,03_APPS_SCRIPT/apps_script/mvpqaic_11_p1_prompt_quality_core.gs,.gs,444795,DEFER_BY_SCOPE,EXTERNAL_CODE_APPS_SCRIPT
03_APPS_SCRIPT,03_APPS_SCRIPT/apps_script/mvpqaic_11_p1_prompt_quality_core.js,.js,86274,DEFER_BY_SCOPE,EXTERNAL_CODE_APPS_SCRIPT
03_APPS_SCRIPT,03_APPS_SCRIPT/apps_script/mvpqaic_11_p1e_prompt_quality_dashboard.gs,.gs,11585,DEFER_BY_SCOPE,EXTERNAL_CODE_APPS_SCRIPT
03_APPS_SCRIPT,03_APPS_SCRIPT/apps_script/mvpqaic_20_script_registry_maintenance_core.gs,.gs,42762,DEFER_BY_SCOPE,EXTERNAL_CODE_APPS_SCRIPT
03_APPS_SCRIPT,03_APPS_SCRIPT/apps_script/mvpqaic_20_script_registry_maintenance_core.js,.js,32063,DEFER_BY_SCOPE,EXTERNAL_CODE_APPS_SCRIPT
03_APPS_SCRIPT,03_APPS_SCRIPT/apps_script/mvpqaic_21_sheet_inventory_cross_audit_core.gs,.gs,33122,DEFER_BY_SCOPE,EXTERNAL_CODE_APPS_SCRIPT
03_APPS_SCRIPT,03_APPS_SCRIPT/apps_script/mvpqaic_22_frontend_sheet_rename_migration_core.gs,.gs,8832,DEFER_BY_SCOPE,EXTERNAL_CODE_APPS_SCRIPT
03_APPS_SCRIPT,03_APPS_SCRIPT/apps_script/mvpqaic_23_gpt_response_intake_core.gs,.gs,144428,DEFER_BY_SCOPE,EXTERNAL_CODE_APPS_SCRIPT
03_APPS_SCRIPT,03_APPS_SCRIPT/apps_script/mvpqaic_30_lexique_methods_signals_core.gs,.gs,122567,DEFER_BY_SCOPE,EXTERNAL_CODE_APPS_SCRIPT
03_APPS_SCRIPT,03_APPS_SCRIPT/apps_script/mvpqaic_31_lexique_master_search_cockpit_core.gs,.gs,161781,DEFER_BY_SCOPE,EXTERNAL_CODE_APPS_SCRIPT
03_APPS_SCRIPT,03_APPS_SCRIPT/APPS_SCRIPT_MIRROR/.clasp.json,.json,91,REVIEW_DOC_OR_REFERENCE,EXTERNAL_CODE_APPS_SCRIPT
03_APPS_SCRIPT,03_APPS_SCRIPT/APPS_SCRIPT_MIRROR/appsscript.json,.json,260,REVIEW_DOC_OR_REFERENCE,EXTERNAL_CODE_APPS_SCRIPT
03_APPS_SCRIPT,03_APPS_SCRIPT/APPS_SCRIPT_MIRROR/desktop.ini,.ini,246,IGNORE_WINDOWS_NOISE,EXTERNAL_CODE_APPS_SCRIPT
03_APPS_SCRIPT,03_APPS_SCRIPT/APPS_SCRIPT_MIRROR/mvpqaic_00_setup_p0.js,.js,8054,DEFER_BY_SCOPE,EXTERNAL_CODE_APPS_SCRIPT
03_APPS_SCRIPT,03_APPS_SCRIPT/APPS_SCRIPT_MIRROR/mvpqaic_01_knowledge_engine.js,.js,6288,DEFER_BY_SCOPE,EXTERNAL_CODE_APPS_SCRIPT
03_APPS_SCRIPT,03_APPS_SCRIPT/APPS_SCRIPT_MIRROR/mvpqaic_02_formatting.js,.js,3855,DEFER_BY_SCOPE,EXTERNAL_CODE_APPS_SCRIPT
03_APPS_SCRIPT,03_APPS_SCRIPT/APPS_SCRIPT_MIRROR/mvpqaic_03_import_csv_seeds.js,.js,3264,DEFER_BY_SCOPE,EXTERNAL_CODE_APPS_SCRIPT
03_APPS_SCRIPT,03_APPS_SCRIPT/APPS_SCRIPT_MIRROR/mvpqaic_04_p0b2_expansion.js,.js,15112,DEFER_BY_SCOPE,EXTERNAL_CODE_APPS_SCRIPT
03_APPS_SCRIPT,03_APPS_SCRIPT/APPS_SCRIPT_MIRROR/mvpqaic_05_p0b3_institutional_readiness.js,.js,16322,DEFER_BY_SCOPE,EXTERNAL_CODE_APPS_SCRIPT
03_APPS_SCRIPT,03_APPS_SCRIPT/APPS_SCRIPT_MIRROR/mvpqaic_06_p0b4_gpt_revolutx_bridge.js,.js,30631,DEFER_BY_SCOPE,EXTERNAL_CODE_APPS_SCRIPT
03_APPS_SCRIPT,03_APPS_SCRIPT/APPS_SCRIPT_MIRROR/mvpqaic_07_p0b5_trade_plan_methods_trailing.js,.js,23885,DEFER_BY_SCOPE,EXTERNAL_CODE_APPS_SCRIPT
03_APPS_SCRIPT,03_APPS_SCRIPT/APPS_SCRIPT_MIRROR/mvpqaic_08_full_signal_mapping_50_50.js,.js,91459,DEFER_BY_SCOPE,EXTERNAL_CODE_APPS_SCRIPT
03_APPS_SCRIPT,03_APPS_SCRIPT/APPS_SCRIPT_MIRROR/mvpqaic_09_p1_journal_core.js,.js,18363,DEFER_BY_SCOPE,EXTERNAL_CODE_APPS_SCRIPT
03_DEV,03_DEV/APPS_SCRIPT_LIVE_PULL_P57_20260620_113259/.clasp.json,.json,109,REVIEW_DOC_OR_REFERENCE,EXTERNAL_ARCHIVE_DEV_RUNS
03_DEV,03_DEV/APPS_SCRIPT_LIVE_PULL_P57_20260620_113259/desktop.ini,.ini,246,IGNORE_WINDOWS_NOISE,EXTERNAL_ARCHIVE_DEV_RUNS
03_DEV,03_DEV/APPS_SCRIPT_LIVE_PULL_P57B_20260620_113629/.clasp.json,.json,109,REVIEW_DOC_OR_REFERENCE,EXTERNAL_ARCHIVE_DEV_RUNS
03_DEV,03_DEV/APPS_SCRIPT_LIVE_PULL_P57B_20260620_113629/appsscript.json,.json,54,REVIEW_DOC_OR_REFERENCE,EXTERNAL_ARCHIVE_DEV_RUNS
03_DEV,03_DEV/APPS_SCRIPT_LIVE_PULL_P57B_20260620_113629/desktop.ini,.ini,246,IGNORE_WINDOWS_NOISE,EXTERNAL_ARCHIVE_DEV_RUNS
03_DEV,03_DEV/APPS_SCRIPT_PULL_ISOLATED_P57D_20260620_114750/CAND_001/.clasp.json,.json,109,REVIEW_DOC_OR_REFERENCE,EXTERNAL_ARCHIVE_DEV_RUNS
03_DEV,03_DEV/APPS_SCRIPT_PULL_ISOLATED_P57D_20260620_114750/CAND_001/appsscript.json,.json,347,REVIEW_DOC_OR_REFERENCE,EXTERNAL_ARCHIVE_DEV_RUNS
03_DEV,03_DEV/APPS_SCRIPT_PULL_ISOLATED_P57D_20260620_114750/CAND_001/desktop.ini,.ini,246,IGNORE_WINDOWS_NOISE,EXTERNAL_ARCHIVE_DEV_RUNS
03_DEV,03_DEV/APPS_SCRIPT_PULL_ISOLATED_P57D_20260620_114750/CAND_001/mvpqaic_00_setup_p0.js,.js,8054,DEFER_BY_SCOPE,EXTERNAL_ARCHIVE_DEV_RUNS
03_DEV,03_DEV/APPS_SCRIPT_PULL_ISOLATED_P57D_20260620_114750/CAND_001/mvpqaic_01_knowledge_engine.js,.js,6288,DEFER_BY_SCOPE,EXTERNAL_ARCHIVE_DEV_RUNS
03_DEV,03_DEV/APPS_SCRIPT_PULL_ISOLATED_P57D_20260620_114750/CAND_001/mvpqaic_02_formatting.js,.js,3855,DEFER_BY_SCOPE,EXTERNAL_ARCHIVE_DEV_RUNS
03_DEV,03_DEV/APPS_SCRIPT_PULL_ISOLATED_P57D_20260620_114750/CAND_001/mvpqaic_03_import_csv_seeds.js,.js,3264,DEFER_BY_SCOPE,EXTERNAL_ARCHIVE_DEV_RUNS
03_DEV,03_DEV/APPS_SCRIPT_PULL_ISOLATED_P57D_20260620_114750/CAND_001/mvpqaic_04_p0b2_expansion.js,.js,15112,DEFER_BY_SCOPE,EXTERNAL_ARCHIVE_DEV_RUNS
03_DEV,03_DEV/APPS_SCRIPT_PULL_ISOLATED_P57D_20260620_114750/CAND_001/mvpqaic_05_p0b3_institutional_readiness.js,.js,16322,DEFER_BY_SCOPE,EXTERNAL_ARCHIVE_DEV_RUNS
03_DEV,03_DEV/APPS_SCRIPT_PULL_ISOLATED_P57D_20260620_114750/CAND_001/mvpqaic_06_p0b4_gpt_revolutx_bridge.js,.js,30631,DEFER_BY_SCOPE,EXTERNAL_ARCHIVE_DEV_RUNS
03_DEV,03_DEV/APPS_SCRIPT_PULL_ISOLATED_P57D_20260620_114750/CAND_001/mvpqaic_07_p0b5_trade_plan_methods_trailing.js,.js,23885,DEFER_BY_SCOPE,EXTERNAL_ARCHIVE_DEV_RUNS
03_DEV,03_DEV/APPS_SCRIPT_PULL_ISOLATED_P57D_20260620_114750/CAND_001/mvpqaic_08_full_signal_mapping_50_50.js,.js,91459,DEFER_BY_SCOPE,EXTERNAL_ARCHIVE_DEV_RUNS
03_DEV,03_DEV/APPS_SCRIPT_PULL_ISOLATED_P57D_20260620_114750/CAND_001/mvpqaic_09_p1_journal_core.js,.js,112623,DEFER_BY_SCOPE,EXTERNAL_ARCHIVE_DEV_RUNS
03_DEV,03_DEV/APPS_SCRIPT_PULL_ISOLATED_P57D_20260620_114750/CAND_001/mvpqaic_11_p1_prompt_quality_core.js,.js,697313,DEFER_BY_SCOPE,EXTERNAL_ARCHIVE_DEV_RUNS
03_DEV,03_DEV/APPS_SCRIPT_PULL_ISOLATED_P57D_20260620_114750/CAND_001/mvpqaic_20_script_registry_maintenance_core.js,.js,42762,DEFER_BY_SCOPE,EXTERNAL_ARCHIVE_DEV_RUNS
03_DEV,03_DEV/APPS_SCRIPT_PULL_ISOLATED_P57D_20260620_114750/CAND_001/mvpqaic_21_sheet_inventory_cross_audit_core.js,.js,33122,DEFER_BY_SCOPE,EXTERNAL_ARCHIVE_DEV_RUNS
03_DEV,03_DEV/APPS_SCRIPT_PULL_ISOLATED_P57D_20260620_114750/CAND_001/mvpqaic_22_frontend_sheet_rename_migration_core.js,.js,8832,DEFER_BY_SCOPE,EXTERNAL_ARCHIVE_DEV_RUNS
03_DEV,03_DEV/APPS_SCRIPT_PULL_ISOLATED_P57D_20260620_114750/CAND_001/mvpqaic_23_gpt_response_intake_core.js,.js,888909,DEFER_BY_SCOPE,EXTERNAL_ARCHIVE_DEV_RUNS
03_DEV,03_DEV/APPS_SCRIPT_PULL_ISOLATED_P57D_20260620_114750/CAND_001/mvpqaic_31_lexique_master_search_cockpit_core.js,.js,207608,DEFER_BY_SCOPE,EXTERNAL_ARCHIVE_DEV_RUNS
03_DEV,03_DEV/APPS_SCRIPT_PULL_ISOLATED_P57D_20260620_114750/CAND_001/mvpqaic_41_phase4_closure_cdc_tracker_core.js,.js,212480,DEFER_BY_SCOPE,EXTERNAL_ARCHIVE_DEV_RUNS
03_DEV,03_DEV/APPS_SCRIPT_PULL_ISOLATED_P57D_20260620_114750/CAND_001/mvpqaic_42_response_intake_consolidation_audit_core.js,.js,26395,DEFER_BY_SCOPE,EXTERNAL_ARCHIVE_DEV_RUNS
03_DEV,03_DEV/APPS_SCRIPT_PULL_ISOLATED_P57D_20260620_114750/CAND_001/mvpqaic_50_p5_webapp_readiness_core.js,.js,386373,DEFER_BY_SCOPE,EXTERNAL_ARCHIVE_DEV_RUNS
03_DEV,03_DEV/APPS_SCRIPT_PULL_ISOLATED_P57D_20260620_114750/CAND_001/mvpqaic_90_webapp_entrypoint.js,.js,883,DEFER_BY_SCOPE,EXTERNAL_ARCHIVE_DEV_RUNS
03_DEV,03_DEV/APPS_SCRIPT_PULL_ISOLATED_P57D_20260620_114750/CAND_001/mvpqaic_91_webapp_sheets_sync.js,.js,25326,DEFER_BY_SCOPE,EXTERNAL_ARCHIVE_DEV_RUNS
03_DEV,03_DEV/APPS_SCRIPT_PULL_ISOLATED_P57D_20260620_114750/CAND_001/MVPQAIC_Index.html,.html,5169160,REVIEW_DOC_OR_REFERENCE,EXTERNAL_ARCHIVE_DEV_RUNS
03_DEV,03_DEV/APPS_SCRIPT_PULL_ISOLATED_P57D_20260620_114750/CAND_002/.clasp.json,.json,109,REVIEW_DOC_OR_REFERENCE,EXTERNAL_ARCHIVE_DEV_RUNS
03_DEV,03_DEV/APPS_SCRIPT_PULL_ISOLATED_P57D_20260620_114750/CAND_002/appsscript.json,.json,347,REVIEW_DOC_OR_REFERENCE,EXTERNAL_ARCHIVE_DEV_RUNS
03_DEV,03_DEV/APPS_SCRIPT_PULL_ISOLATED_P57D_20260620_114750/CAND_002/desktop.ini,.ini,246,IGNORE_WINDOWS_NOISE,EXTERNAL_ARCHIVE_DEV_RUNS
03_DEV,03_DEV/APPS_SCRIPT_PULL_ISOLATED_P57D_20260620_114750/CAND_002/mvpqaic_00_setup_p0.js,.js,8054,DEFER_BY_SCOPE,EXTERNAL_ARCHIVE_DEV_RUNS
03_DEV,03_DEV/APPS_SCRIPT_PULL_ISOLATED_P57D_20260620_114750/CAND_002/mvpqaic_01_knowledge_engine.js,.js,6288,DEFER_BY_SCOPE,EXTERNAL_ARCHIVE_DEV_RUNS
03_DEV,03_DEV/APPS_SCRIPT_PULL_ISOLATED_P57D_20260620_114750/CAND_002/mvpqaic_02_formatting.js,.js,3855,DEFER_BY_SCOPE,EXTERNAL_ARCHIVE_DEV_RUNS
03_DEV,03_DEV/APPS_SCRIPT_PULL_ISOLATED_P57D_20260620_114750/CAND_002/mvpqaic_03_import_csv_seeds.js,.js,3264,DEFER_BY_SCOPE,EXTERNAL_ARCHIVE_DEV_RUNS
03_DEV,03_DEV/APPS_SCRIPT_PULL_ISOLATED_P57D_20260620_114750/CAND_002/mvpqaic_04_p0b2_expansion.js,.js,15112,DEFER_BY_SCOPE,EXTERNAL_ARCHIVE_DEV_RUNS
03_DEV,03_DEV/APPS_SCRIPT_PULL_ISOLATED_P57D_20260620_114750/CAND_002/mvpqaic_05_p0b3_institutional_readiness.js,.js,16322,DEFER_BY_SCOPE,EXTERNAL_ARCHIVE_DEV_RUNS
03_DEV,03_DEV/APPS_SCRIPT_PULL_ISOLATED_P57D_20260620_114750/CAND_002/mvpqaic_06_p0b4_gpt_revolutx_bridge.js,.js,30631,DEFER_BY_SCOPE,EXTERNAL_ARCHIVE_DEV_RUNS
03_EXPORTS,03_EXPORTS/desktop.ini,.ini,246,IGNORE_WINDOWS_NOISE,EXTERNAL_ARCHIVE_EXPORTS
03_EXPORTS,03_EXPORTS/P081A_DOCS_FINAL_FUSION_DEEP_COVERAGE_AUDIT_READONLY_20260621_125731.zip,.zip,112637,EXTERNAL_ARCHIVE_OR_DEFER,EXTERNAL_ARCHIVE_EXPORTS
03_EXPORTS,03_EXPORTS/P081A_DOCS_FINAL_FUSION_DEEP_COVERAGE_AUDIT_READONLY_20260621_125731.zip.sha256.txt,.txt,143,REVIEW_DOC_OR_REFERENCE,EXTERNAL_ARCHIVE_EXPORTS
03_EXPORTS,03_EXPORTS/P081A_DOCS_FINAL_FUSION_DEEP_COVERAGE_AUDIT_READONLY_20260621_125731/desktop.ini,.ini,246,IGNORE_WINDOWS_NOISE,EXTERNAL_ARCHIVE_EXPORTS
03_EXPORTS,03_EXPORTS/P081A_DOCS_FINAL_FUSION_DEEP_COVERAGE_AUDIT_READONLY_20260621_125731/MANIFEST_P081A.json,.json,4331,REVIEW_DOC_OR_REFERENCE,EXTERNAL_ARCHIVE_EXPORTS
03_EXPORTS,03_EXPORTS/P081A_DOCS_FINAL_FUSION_DEEP_COVERAGE_AUDIT_READONLY_20260621_125731/P081A_BLOCKERS.csv,.csv,203,EXTERNAL_ARCHIVE_OR_DEFER,EXTERNAL_ARCHIVE_EXPORTS
03_EXPORTS,03_EXPORTS/P081A_DOCS_FINAL_FUSION_DEEP_COVERAGE_AUDIT_READONLY_20260621_125731/P081A_COVERAGE_MATRIX.csv,.csv,106247,EXTERNAL_ARCHIVE_OR_DEFER,EXTERNAL_ARCHIVE_EXPORTS
03_EXPORTS,03_EXPORTS/P081A_DOCS_FINAL_FUSION_DEEP_COVERAGE_AUDIT_READONLY_20260621_125731/P081A_DOCS_FILE_INVENTORY.csv,.csv,313227,EXTERNAL_ARCHIVE_OR_DEFER,EXTERNAL_ARCHIVE_EXPORTS
03_EXPORTS,03_EXPORTS/P081A_DOCS_FINAL_FUSION_DEEP_COVERAGE_AUDIT_READONLY_20260621_125731/P081A_DOCS_FINAL_FUSION_DEEP_COVERAGE_AUDIT_REPORT.md,.md,3035,REVIEW_DOC_OR_REFERENCE,EXTERNAL_ARCHIVE_EXPORTS
03_EXPORTS,03_EXPORTS/P081A_DOCS_FINAL_FUSION_DEEP_COVERAGE_AUDIT_READONLY_20260621_125731/P081A_FINAL_DOCS_CANDIDATES.csv,.csv,4222,EXTERNAL_ARCHIVE_OR_DEFER,EXTERNAL_ARCHIVE_EXPORTS
03_EXPORTS,03_EXPORTS/P081A_DOCS_FINAL_FUSION_DEEP_COVERAGE_AUDIT_READONLY_20260621_125731/P081A_FINALITY_STATUS.csv,.csv,4212,EXTERNAL_ARCHIVE_OR_DEFER,EXTERNAL_ARCHIVE_EXPORTS
03_EXPORTS,03_EXPORTS/P081A_DOCS_FINAL_FUSION_DEEP_COVERAGE_AUDIT_READONLY_20260621_125731/P081A_RESIDUALS_ACTION_PLAN.csv,.csv,208206,EXTERNAL_ARCHIVE_OR_DEFER,EXTERNAL_ARCHIVE_EXPORTS
03_EXPORTS,03_EXPORTS/P081A_DOCS_FINAL_FUSION_DEEP_COVERAGE_AUDIT_READONLY_20260621_125731/P081A_ROOT_DIRECT_INVENTORY.csv,.csv,4198,EXTERNAL_ARCHIVE_OR_DEFER,EXTERNAL_ARCHIVE_EXPORTS
03_EXPORTS,03_EXPORTS/P081A_DOCS_FINAL_FUSION_DEEP_COVERAGE_AUDIT_READONLY_20260621_125731/P081A_SOURCE_PATCH_RESIDUAL_CANDIDATES.csv,.csv,25439,EXTERNAL_ARCHIVE_OR_DEFER,EXTERNAL_ARCHIVE_EXPORTS
03_EXPORTS,03_EXPORTS/P081B_DOCS_FINAL_FUSION_REPAIR_PLAN_READONLY_20260621_133941.zip,.zip,32847,EXTERNAL_ARCHIVE_OR_DEFER,EXTERNAL_ARCHIVE_EXPORTS
03_EXPORTS,03_EXPORTS/P081B_DOCS_FINAL_FUSION_REPAIR_PLAN_READONLY_20260621_133941.zip.sha256.txt,.txt,135,REVIEW_DOC_OR_REFERENCE,EXTERNAL_ARCHIVE_EXPORTS
03_EXPORTS,03_EXPORTS/P081B_DOCS_FINAL_FUSION_REPAIR_PLAN_READONLY_20260621_133941/desktop.ini,.ini,246,IGNORE_WINDOWS_NOISE,EXTERNAL_ARCHIVE_EXPORTS
03_EXPORTS,03_EXPORTS/P081B_DOCS_FINAL_FUSION_REPAIR_PLAN_READONLY_20260621_133941/MANIFEST_P081B.json,.json,3924,REVIEW_DOC_OR_REFERENCE,EXTERNAL_ARCHIVE_EXPORTS
03_EXPORTS,03_EXPORTS/P081B_DOCS_FINAL_FUSION_REPAIR_PLAN_READONLY_20260621_133941/P081B_DOCS_FINAL_FUSION_REPAIR_PLAN_REPORT.md,.md,1160,REVIEW_DOC_OR_REFERENCE,EXTERNAL_ARCHIVE_EXPORTS
03_EXPORTS,03_EXPORTS/P081B_DOCS_FINAL_FUSION_REPAIR_PLAN_READONLY_20260621_133941/P081B_DOCS_FINAL_SEAL_GATE.csv,.csv,326,EXTERNAL_ARCHIVE_OR_DEFER,EXTERNAL_ARCHIVE_EXPORTS
03_EXPORTS,03_EXPORTS/P081B_DOCS_FINAL_FUSION_REPAIR_PLAN_READONLY_20260621_133941/P081B_FINAL_DOC_DECISION_MATRIX.csv,.csv,4010,EXTERNAL_ARCHIVE_OR_DEFER,EXTERNAL_ARCHIVE_EXPORTS
03_EXPORTS,03_EXPORTS/P081B_DOCS_FINAL_FUSION_REPAIR_PLAN_READONLY_20260621_133941/P081B_PATCH_GAPS_REVIEW.csv,.csv,2875,EXTERNAL_ARCHIVE_OR_DEFER,EXTERNAL_ARCHIVE_EXPORTS
03_EXPORTS,03_EXPORTS/P081B_DOCS_FINAL_FUSION_REPAIR_PLAN_READONLY_20260621_133941/P081B_REPAIR_ACTION_PLAN.csv,.csv,93228,EXTERNAL_ARCHIVE_OR_DEFER,EXTERNAL_ARCHIVE_EXPORTS
03_EXPORTS,03_EXPORTS/P081B_DOCS_FINAL_FUSION_REPAIR_PLAN_READONLY_20260621_133941/P081B_RESIDUALS_REVIEW_AND_VENTILATION_PLAN.csv,.csv,239523,EXTERNAL_ARCHIVE_OR_DEFER,EXTERNAL_ARCHIVE_EXPORTS
03_EXPORTS,03_EXPORTS/P081B_DOCS_FINAL_FUSION_REPAIR_PLAN_READONLY_20260621_133941/P081B_ROOT_VENTILATION_PLAN.csv,.csv,4848,EXTERNAL_ARCHIVE_OR_DEFER,EXTERNAL_ARCHIVE_EXPORTS
03_EXPORTS,03_EXPORTS/P081C_DOCS_FUSION_REPAIR_DECISION_WORKBENCH_READONLY_20260621_135616.zip,.zip,34531,EXTERNAL_ARCHIVE_OR_DEFER,EXTERNAL_ARCHIVE_EXPORTS
03_EXPORTS,03_EXPORTS/P081C_DOCS_FUSION_REPAIR_DECISION_WORKBENCH_READONLY_20260621_135616.zip.sha256.txt,.txt,143,REVIEW_DOC_OR_REFERENCE,EXTERNAL_ARCHIVE_EXPORTS
03_EXPORTS,03_EXPORTS/P081C_DOCS_FUSION_REPAIR_DECISION_WORKBENCH_READONLY_20260621_135616/desktop.ini,.ini,246,IGNORE_WINDOWS_NOISE,EXTERNAL_ARCHIVE_EXPORTS
03_EXPORTS,03_EXPORTS/P081C_DOCS_FUSION_REPAIR_DECISION_WORKBENCH_READONLY_20260621_135616/MANIFEST_P081C.json,.json,4291,REVIEW_DOC_OR_REFERENCE,EXTERNAL_ARCHIVE_EXPORTS
03_EXPORTS,03_EXPORTS/P081C_DOCS_FUSION_REPAIR_DECISION_WORKBENCH_READONLY_20260621_135616/P081C_DECISION_GATE_STATUS.csv,.csv,393,EXTERNAL_ARCHIVE_OR_DEFER,EXTERNAL_ARCHIVE_EXPORTS
03_EXPORTS,03_EXPORTS/P081C_DOCS_FUSION_REPAIR_DECISION_WORKBENCH_READONLY_20260621_135616/P081C_DOCS_FUSION_REPAIR_DECISION_WORKBENCH_REPORT.md,.md,940,REVIEW_DOC_OR_REFERENCE,EXTERNAL_ARCHIVE_EXPORTS
03_EXPORTS,03_EXPORTS/P081C_DOCS_FUSION_REPAIR_DECISION_WORKBENCH_READONLY_20260621_135616/P081C_FINAL_DOC_SEAL_DECISION_WORKBENCH.csv,.csv,4973,EXTERNAL_ARCHIVE_OR_DEFER,EXTERNAL_ARCHIVE_EXPORTS
03_EXPORTS,03_EXPORTS/P081C_DOCS_FUSION_REPAIR_DECISION_WORKBENCH_READONLY_20260621_135616/P081C_HUMAN_DECISION_INSTRUCTIONS.md,.md,977,REVIEW_DOC_OR_REFERENCE,EXTERNAL_ARCHIVE_EXPORTS
03_EXPORTS,03_EXPORTS/P081C_DOCS_FUSION_REPAIR_DECISION_WORKBENCH_READONLY_20260621_135616/P081C_PATCH_DECISION_WORKBENCH.csv,.csv,4115,EXTERNAL_ARCHIVE_OR_DEFER,EXTERNAL_ARCHIVE_EXPORTS
03_EXPORTS,03_EXPORTS/P081C_DOCS_FUSION_REPAIR_DECISION_WORKBENCH_READONLY_20260621_135616/P081C_REPAIR_DECISION_WORKBENCH.csv,.csv,97167,EXTERNAL_ARCHIVE_OR_DEFER,EXTERNAL_ARCHIVE_EXPORTS
03_EXPORTS,03_EXPORTS/P081C_DOCS_FUSION_REPAIR_DECISION_WORKBENCH_READONLY_20260621_135616/P081C_RESIDUAL_DECISION_WORKBENCH.csv,.csv,339907,EXTERNAL_ARCHIVE_OR_DEFER,EXTERNAL_ARCHIVE_EXPORTS
03_EXPORTS,03_EXPORTS/P081C_DOCS_FUSION_REPAIR_DECISION_WORKBENCH_READONLY_20260621_135616/P081C_ROOT_VENTILATION_DECISION_WORKBENCH.csv,.csv,8313,EXTERNAL_ARCHIVE_OR_DEFER,EXTERNAL_ARCHIVE_EXPORTS
03_EXPORTS,03_EXPORTS/P081D_DOCS_REPAIR_DECISION_COMPRESSION_READONLY_20260621_140741.zip,.zip,6543,EXTERNAL_ARCHIVE_OR_DEFER,EXTERNAL_ARCHIVE_EXPORTS
03_EXPORTS,03_EXPORTS/P081D_DOCS_REPAIR_DECISION_COMPRESSION_READONLY_20260621_140741.zip.sha256.txt,.txt,138,REVIEW_DOC_OR_REFERENCE,EXTERNAL_ARCHIVE_EXPORTS
03_EXPORTS,03_EXPORTS/P081D_DOCS_REPAIR_DECISION_COMPRESSION_READONLY_20260621_140741/desktop.ini,.ini,246,IGNORE_WINDOWS_NOISE,EXTERNAL_ARCHIVE_EXPORTS
04_APPSHEET,04_APPSHEET/desktop.ini,.ini,246,IGNORE_WINDOWS_NOISE,EXTERNAL_APPSHEET_REVIEW
04_APPSHEET,04_APPSHEET/RUNBOOK/desktop.ini,.ini,246,IGNORE_WINDOWS_NOISE,EXTERNAL_APPSHEET_REVIEW
04_APPSHEET,04_APPSHEET/RUNBOOK/🧭 APPSHEET_SETUP_RUNBOOK_MVP_QAIC_0.3.2.md,.md,1499,REVIEW_DOC_OR_REFERENCE,EXTERNAL_APPSHEET_REVIEW
04_APPSHEET,04_APPSHEET/SCREENSHOTS/.keep,[no_ext],41,DEFER_BY_SCOPE,EXTERNAL_APPSHEET_REVIEW
04_APPSHEET,04_APPSHEET/SCREENSHOTS/desktop.ini,.ini,246,IGNORE_WINDOWS_NOISE,EXTERNAL_APPSHEET_REVIEW
04_APPSHEET,04_APPSHEET/SPEC/.keep,[no_ext],41,DEFER_BY_SCOPE,EXTERNAL_APPSHEET_REVIEW
04_APPSHEET,04_APPSHEET/SPEC/desktop (2).ini,.ini,106,DEFER_BY_SCOPE,EXTERNAL_APPSHEET_REVIEW
04_APPSHEET,04_APPSHEET/SPEC/desktop.ini,.ini,246,IGNORE_WINDOWS_NOISE,EXTERNAL_APPSHEET_REVIEW
04_APPSHEET,04_APPSHEET/SPEC/⚙️ APPSHEET_ACTIONS_MVP_QAIC_0.3.2.md,.md,1944,REVIEW_DOC_OR_REFERENCE,EXTERNAL_APPSHEET_REVIEW
04_APPSHEET,04_APPSHEET/SPEC/👁️ APPSHEET_VIEWS_MVP_QAIC_0.3.2.md,.md,3123,REVIEW_DOC_OR_REFERENCE,EXTERNAL_APPSHEET_REVIEW
04_APPSHEET,04_APPSHEET/SPEC/📝 DECISION_JOURNAL_USAGE_SPEC_MVP_QAIC_0.4.0.md,.md,1701,REVIEW_DOC_OR_REFERENCE,EXTERNAL_APPSHEET_REVIEW
04_APPSHEET,04_APPSHEET/SPEC/📝 FIRST_TEST_DECISION_JOURNAL_ENTRY_TEMPLATE_MVP_QAIC_0.4.1.md,.md,1192,REVIEW_DOC_OR_REFERENCE,EXTERNAL_APPSHEET_REVIEW
04_APPSHEET,04_APPSHEET/SPEC/📱 APPSHEET_SPEC_MVP_QAIC_0.3.2.md,.md,5077,REVIEW_DOC_OR_REFERENCE,EXTERNAL_APPSHEET_REVIEW
04_APPSHEET,04_APPSHEET/SPEC/🛡️ APPSHEET_SECURITY_AND_GUARDS_MVP_QAIC_0.3.2.md,.md,1754,REVIEW_DOC_OR_REFERENCE,EXTERNAL_APPSHEET_REVIEW
04_APPSHEET,04_APPSHEET/SPEC/🧱 APPSHEET_TABLES_AND_COLUMNS_MVP_QAIC_0.3.2.md,.md,4140,REVIEW_DOC_OR_REFERENCE,EXTERNAL_APPSHEET_REVIEW
04_APPSHEET,04_APPSHEET/SPEC/🧱 DECISION_JOURNAL_SCHEMA_HARDENING_MVP_QAIC_0.4.2.md,.md,1484,REVIEW_DOC_OR_REFERENCE,EXTERNAL_APPSHEET_REVIEW
04_APPSHEET,04_APPSHEET/SPEC/🧾 P1C_DECISION_JOURNAL_TEST_ENTRY_MVP_QAIC_0.4.2.md,.md,1870,REVIEW_DOC_OR_REFERENCE,EXTERNAL_APPSHEET_REVIEW
04_APPSHEET,04_APPSHEET/TESTS/desktop.ini,.ini,246,IGNORE_WINDOWS_NOISE,EXTERNAL_APPSHEET_REVIEW
04_APPSHEET,04_APPSHEET/TESTS/📱 APPSHEET_JOURNAL_TEST_PLAN_MVP_QAIC_0.4.2.md,.md,1961,REVIEW_DOC_OR_REFERENCE,EXTERNAL_APPSHEET_REVIEW
04_APPSHEET,04_APPSHEET/TESTS/🧪 APPSHEET_TEST_PLAN_MVP_QAIC_0.3.2.md,.md,2107,REVIEW_DOC_OR_REFERENCE,EXTERNAL_APPSHEET_REVIEW
04_DELIVERABLES_ZIP,04_DELIVERABLES_ZIP/CLEAN_FINAL_AUDIT/desktop.ini,.ini,246,IGNORE_WINDOWS_NOISE,EXTERNAL_ARCHIVE_DELIVERABLE_ZIPS
04_DELIVERABLES_ZIP,04_DELIVERABLES_ZIP/CLEAN_FINAL_AUDIT/MVPQAIC_CLEAN_FINAL_AUDIT_20260615.zip,.zip,6544,EXTERNAL_ARCHIVE_OR_DEFER,EXTERNAL_ARCHIVE_DELIVERABLE_ZIPS
04_DELIVERABLES_ZIP,04_DELIVERABLES_ZIP/CODE_CLEAN_FROM_ORIGINALS_VALIDATED_20260615/desktop.ini,.ini,246,IGNORE_WINDOWS_NOISE,EXTERNAL_ARCHIVE_DELIVERABLE_ZIPS
04_DELIVERABLES_ZIP,04_DELIVERABLES_ZIP/CODE_CLEAN_FROM_ORIGINALS_VALIDATED_20260615/MVPQAIC_CODE_CLEAN_FROM_ORIGINALS_VALIDATED_20260615.zip,.zip,898147,EXTERNAL_ARCHIVE_OR_DEFER,EXTERNAL_ARCHIVE_DELIVERABLE_ZIPS
04_DELIVERABLES_ZIP,04_DELIVERABLES_ZIP/CODE_CLEAN_MAXI_20260615/desktop.ini,.ini,246,IGNORE_WINDOWS_NOISE,EXTERNAL_ARCHIVE_DELIVERABLE_ZIPS
04_DELIVERABLES_ZIP,04_DELIVERABLES_ZIP/CODE_CLEAN_MAXI_20260615/MVPQAIC_CODE_CLEAN_MAXI_20260615.zip,.zip,815153,EXTERNAL_ARCHIVE_OR_DEFER,EXTERNAL_ARCHIVE_DELIVERABLE_ZIPS
04_DELIVERABLES_ZIP,04_DELIVERABLES_ZIP/desktop.ini,.ini,246,IGNORE_WINDOWS_NOISE,EXTERNAL_ARCHIVE_DELIVERABLE_ZIPS
05_LOOKER,05_LOOKER/DASHBOARD_SPEC/.keep,[no_ext],41,DEFER_BY_SCOPE,EXTERNAL_LOOKER_REFERENCE
05_LOOKER,05_LOOKER/DASHBOARD_SPEC/desktop.ini,.ini,246,IGNORE_WINDOWS_NOISE,EXTERNAL_LOOKER_REFERENCE
05_LOOKER,05_LOOKER/desktop.ini,.ini,246,IGNORE_WINDOWS_NOISE,EXTERNAL_LOOKER_REFERENCE
05_LOOKER,05_LOOKER/EXPORTS/.keep,[no_ext],41,DEFER_BY_SCOPE,EXTERNAL_LOOKER_REFERENCE
05_LOOKER,05_LOOKER/EXPORTS/desktop.ini,.ini,246,IGNORE_WINDOWS_NOISE,EXTERNAL_LOOKER_REFERENCE
06_STITCH,06_STITCH/ASSETS/desktop.ini,.ini,246,IGNORE_WINDOWS_NOISE,EXTERNAL_STITCH_REFERENCE
06_STITCH,06_STITCH/ASSETS/EXPORTS_RAW/desktop.ini,.ini,246,IGNORE_WINDOWS_NOISE,EXTERNAL_STITCH_REFERENCE
06_STITCH,06_STITCH/ASSETS/ICONS/desktop.ini,.ini,246,IGNORE_WINDOWS_NOISE,EXTERNAL_STITCH_REFERENCE
06_STITCH,06_STITCH/ASSETS/SCREENSHOTS/desktop.ini,.ini,246,IGNORE_WINDOWS_NOISE,EXTERNAL_STITCH_REFERENCE
06_STITCH,06_STITCH/DESIGN_SYSTEM/desktop.ini,.ini,246,IGNORE_WINDOWS_NOISE,EXTERNAL_STITCH_REFERENCE
06_STITCH,06_STITCH/desktop.ini,.ini,246,IGNORE_WINDOWS_NOISE,EXTERNAL_STITCH_REFERENCE
06_STITCH,06_STITCH/PROMPTS/.keep,[no_ext],41,DEFER_BY_SCOPE,EXTERNAL_STITCH_REFERENCE
06_STITCH,06_STITCH/PROMPTS/desktop.ini,.ini,246,IGNORE_WINDOWS_NOISE,EXTERNAL_STITCH_REFERENCE
06_STITCH,06_STITCH/PROMPTS/P0C_APPSHEET_MVP/desktop.ini,.ini,246,IGNORE_WINDOWS_NOISE,EXTERNAL_STITCH_REFERENCE
06_STITCH,06_STITCH/PROMPTS/P3_QAIC_UI_IDE/desktop.ini,.ini,246,IGNORE_WINDOWS_NOISE,EXTERNAL_STITCH_REFERENCE
06_STITCH,06_STITCH/PROMPTS/⚡ STITCH_SIGNAL_LIBRARY_MVP_QAIC_0.3.4.md,.md,638,REVIEW_DOC_OR_REFERENCE,EXTERNAL_STITCH_REFERENCE
06_STITCH,06_STITCH/PROMPTS/🎨 STITCH_COMMON_DESIGN_SYSTEM_MVP_QAIC_0.3.4.md,.md,1667,REVIEW_DOC_OR_REFERENCE,EXTERNAL_STITCH_REFERENCE
06_STITCH,06_STITCH/PROMPTS/🎯 STITCH_TRADE_PLAN_REVIEW_MVP_QAIC_0.3.4.md,.md,763,REVIEW_DOC_OR_REFERENCE,EXTERNAL_STITCH_REFERENCE
06_STITCH,06_STITCH/PROMPTS/🏠 STITCH_KNOWLEDGE_HOME_MVP_QAIC_0.3.4.md,.md,754,REVIEW_DOC_OR_REFERENCE,EXTERNAL_STITCH_REFERENCE
06_STITCH,06_STITCH/PROMPTS/📝 STITCH_DECISION_JOURNAL_MVP_QAIC_0.3.4.md,.md,655,REVIEW_DOC_OR_REFERENCE,EXTERNAL_STITCH_REFERENCE
06_STITCH,06_STITCH/PROMPTS/🔌 STITCH_QAIC_BRIDGE_FUTURE_MVP_QAIC_0.3.4.md,.md,579,REVIEW_DOC_OR_REFERENCE,EXTERNAL_STITCH_REFERENCE
06_STITCH,06_STITCH/PROMPTS/🔍 STITCH_SEARCH_TERM_MVP_QAIC_0.3.4.md,.md,595,REVIEW_DOC_OR_REFERENCE,EXTERNAL_STITCH_REFERENCE
06_STITCH,06_STITCH/PROMPTS/🛡️ STITCH_RISK_CENTER_MVP_QAIC_0.3.4.md,.md,561,REVIEW_DOC_OR_REFERENCE,EXTERNAL_STITCH_REFERENCE
06_STITCH,06_STITCH/PROMPTS/🧠 STITCH_GPT_PAYLOAD_COPY_MVP_QAIC_0.3.4.md,.md,570,REVIEW_DOC_OR_REFERENCE,EXTERNAL_STITCH_REFERENCE
06_STITCH,06_STITCH/SCREEN_SPECS/desktop.ini,.ini,246,IGNORE_WINDOWS_NOISE,EXTERNAL_STITCH_REFERENCE
06_STITCH,06_STITCH/UI_EXPORTS/.keep,[no_ext],41,DEFER_BY_SCOPE,EXTERNAL_STITCH_REFERENCE
06_STITCH,06_STITCH/UI_EXPORTS/desktop.ini,.ini,246,IGNORE_WINDOWS_NOISE,EXTERNAL_STITCH_REFERENCE
06_STITCH,06_STITCH/UI_EXPORTS/P0C_APPSHEET_MVP/desktop.ini,.ini,246,IGNORE_WINDOWS_NOISE,EXTERNAL_STITCH_REFERENCE
06_STITCH,06_STITCH/UI_EXPORTS/P3_QAIC_UI_IDE/desktop.ini,.ini,246,IGNORE_WINDOWS_NOISE,EXTERNAL_STITCH_REFERENCE
06_STITCH,06_STITCH/USER_FLOWS/desktop.ini,.ini,246,IGNORE_WINDOWS_NOISE,EXTERNAL_STITCH_REFERENCE
07_ANTIGRAVITY,07_ANTIGRAVITY/desktop.ini,.ini,246,IGNORE_WINDOWS_NOISE,EXTERNAL_ANTIGRAVITY_REFERENCE
07_ANTIGRAVITY,07_ANTIGRAVITY/OUTPUTS/.keep,[no_ext],41,DEFER_BY_SCOPE,EXTERNAL_ANTIGRAVITY_REFERENCE
07_ANTIGRAVITY,07_ANTIGRAVITY/OUTPUTS/desktop.ini,.ini,246,IGNORE_WINDOWS_NOISE,EXTERNAL_ANTIGRAVITY_REFERENCE
07_ANTIGRAVITY,07_ANTIGRAVITY/OUTPUTS/P0A_KNOWLEDGE_BASE_0.2.2/csv_seed/CHECKLISTS.csv,.csv,9329,EXTERNAL_ARCHIVE_OR_DEFER,EXTERNAL_ANTIGRAVITY_REFERENCE
07_ANTIGRAVITY,07_ANTIGRAVITY/OUTPUTS/P0A_KNOWLEDGE_BASE_0.2.2/csv_seed/DECISION_TEMPLATES.csv,.csv,4605,EXTERNAL_ARCHIVE_OR_DEFER,EXTERNAL_ANTIGRAVITY_REFERENCE
07_ANTIGRAVITY,07_ANTIGRAVITY/OUTPUTS/P0A_KNOWLEDGE_BASE_0.2.2/csv_seed/desktop.ini,.ini,246,IGNORE_WINDOWS_NOISE,EXTERNAL_ANTIGRAVITY_REFERENCE
07_ANTIGRAVITY,07_ANTIGRAVITY/OUTPUTS/P0A_KNOWLEDGE_BASE_0.2.2/csv_seed/GLOSSARY_TAGS.csv,.csv,4385,EXTERNAL_ARCHIVE_OR_DEFER,EXTERNAL_ANTIGRAVITY_REFERENCE
07_ANTIGRAVITY,07_ANTIGRAVITY/OUTPUTS/P0A_KNOWLEDGE_BASE_0.2.2/csv_seed/KNOWLEDGE_TERMS.csv,.csv,25187,EXTERNAL_ARCHIVE_OR_DEFER,EXTERNAL_ANTIGRAVITY_REFERENCE
07_ANTIGRAVITY,07_ANTIGRAVITY/OUTPUTS/P0A_KNOWLEDGE_BASE_0.2.2/csv_seed/METHOD_LIBRARY.csv,.csv,4746,EXTERNAL_ARCHIVE_OR_DEFER,EXTERNAL_ANTIGRAVITY_REFERENCE
07_ANTIGRAVITY,07_ANTIGRAVITY/OUTPUTS/P0A_KNOWLEDGE_BASE_0.2.2/csv_seed/RISK_PLAYBOOK.csv,.csv,2261,EXTERNAL_ARCHIVE_OR_DEFER,EXTERNAL_ANTIGRAVITY_REFERENCE
07_ANTIGRAVITY,07_ANTIGRAVITY/OUTPUTS/P0A_KNOWLEDGE_BASE_0.2.2/csv_seed/SIGNAL_LIBRARY.csv,.csv,11107,EXTERNAL_ARCHIVE_OR_DEFER,EXTERNAL_ANTIGRAVITY_REFERENCE
07_ANTIGRAVITY,07_ANTIGRAVITY/OUTPUTS/P0A_KNOWLEDGE_BASE_0.2.2/desktop.ini,.ini,246,IGNORE_WINDOWS_NOISE,EXTERNAL_ANTIGRAVITY_REFERENCE
07_ANTIGRAVITY,07_ANTIGRAVITY/OUTPUTS/P0A_KNOWLEDGE_BASE_0.2.2/exports/desktop.ini,.ini,246,IGNORE_WINDOWS_NOISE,EXTERNAL_ANTIGRAVITY_REFERENCE
07_ANTIGRAVITY,07_ANTIGRAVITY/OUTPUTS/P0A_KNOWLEDGE_BASE_0.2.2/exports/MVP_QAIC_P0_KNOWLEDGE_BASE_SEED_0.2.2.zip,.zip,22514,EXTERNAL_ARCHIVE_OR_DEFER,EXTERNAL_ANTIGRAVITY_REFERENCE
07_ANTIGRAVITY,07_ANTIGRAVITY/OUTPUTS/P0A_KNOWLEDGE_BASE_0.2.2/MANIFEST_P0A_0.2.2.md,.md,5511,REVIEW_DOC_OR_REFERENCE,EXTERNAL_ANTIGRAVITY_REFERENCE
07_ANTIGRAVITY,07_ANTIGRAVITY/OUTPUTS/P0A_KNOWLEDGE_BASE_0.2.2/schemas/desktop.ini,.ini,246,IGNORE_WINDOWS_NOISE,EXTERNAL_ANTIGRAVITY_REFERENCE
07_ANTIGRAVITY,07_ANTIGRAVITY/OUTPUTS/P0A_KNOWLEDGE_BASE_0.2.2/schemas/MVP_QAIC_SHEETS_SCHEMA_P0_0.2.2.md,.md,14109,REVIEW_DOC_OR_REFERENCE,EXTERNAL_ANTIGRAVITY_REFERENCE
07_ANTIGRAVITY,07_ANTIGRAVITY/PROMPTS/.keep,[no_ext],41,DEFER_BY_SCOPE,EXTERNAL_ANTIGRAVITY_REFERENCE
07_ANTIGRAVITY,07_ANTIGRAVITY/PROMPTS/desktop.ini,.ini,246,IGNORE_WINDOWS_NOISE,EXTERNAL_ANTIGRAVITY_REFERENCE
07_ANTIGRAVITY,07_ANTIGRAVITY/TASKS/.keep,[no_ext],41,DEFER_BY_SCOPE,EXTERNAL_ANTIGRAVITY_REFERENCE
07_ANTIGRAVITY,07_ANTIGRAVITY/TASKS/desktop.ini,.ini,246,IGNORE_WINDOWS_NOISE,EXTERNAL_ANTIGRAVITY_REFERENCE
08_QAIC_BRIDGE,08_QAIC_BRIDGE/desktop.ini,.ini,246,IGNORE_WINDOWS_NOISE,EXTERNAL_QAIC_BRIDGE_REFERENCE
08_QAIC_BRIDGE,08_QAIC_BRIDGE/IMPORT_SPECS/.keep,[no_ext],41,DEFER_BY_SCOPE,EXTERNAL_QAIC_BRIDGE_REFERENCE
08_QAIC_BRIDGE,08_QAIC_BRIDGE/IMPORT_SPECS/desktop.ini,.ini,246,IGNORE_WINDOWS_NOISE,EXTERNAL_QAIC_BRIDGE_REFERENCE
08_QAIC_BRIDGE,08_QAIC_BRIDGE/IMPORT_SPECS/💼 PORTFOLIO_SNAPSHOT_IMPORT_SPEC_MVP_QAIC_0.3.5.md,.md,1946,REVIEW_DOC_OR_REFERENCE,EXTERNAL_QAIC_BRIDGE_REFERENCE
08_QAIC_BRIDGE,08_QAIC_BRIDGE/IMPORT_SPECS/🔌 QAIC_BRIDGE_OPERATIONAL_SPECS_MVP_QAIC_0.3.5.md,.md,1930,REVIEW_DOC_OR_REFERENCE,EXTERNAL_QAIC_BRIDGE_REFERENCE
08_QAIC_BRIDGE,08_QAIC_BRIDGE/IMPORT_SPECS/🛡️ QAIC_BRIDGE_SECURITY_SPEC_MVP_QAIC_0.3.5.md,.md,1034,REVIEW_DOC_OR_REFERENCE,EXTERNAL_QAIC_BRIDGE_REFERENCE
08_QAIC_BRIDGE,08_QAIC_BRIDGE/IMPORT_SPECS/🧪 PLAN_TRANSITION_PORTFOLIO_BROKER_AUTOMATION_MVP_0.6.2.md,.md,2021,REVIEW_DOC_OR_REFERENCE,EXTERNAL_QAIC_BRIDGE_REFERENCE
08_QAIC_BRIDGE,08_QAIC_BRIDGE/MAPPING/.keep,[no_ext],41,DEFER_BY_SCOPE,EXTERNAL_QAIC_BRIDGE_REFERENCE
08_QAIC_BRIDGE,08_QAIC_BRIDGE/MAPPING/desktop.ini,.ini,246,IGNORE_WINDOWS_NOISE,EXTERNAL_QAIC_BRIDGE_REFERENCE
08_QAIC_BRIDGE,08_QAIC_BRIDGE/MAPPING/🏦 REVOLUTX_READONLY_MAPPING_SPEC_MVP_QAIC_0.3.5.md,.md,1607,REVIEW_DOC_OR_REFERENCE,EXTERNAL_QAIC_BRIDGE_REFERENCE
08_QAIC_BRIDGE,08_QAIC_BRIDGE/MAPPING/🗺️ QAIC_OUTPUTS_MAPPING_SPEC_MVP_QAIC_0.3.5.md,.md,1673,REVIEW_DOC_OR_REFERENCE,EXTERNAL_QAIC_BRIDGE_REFERENCE
08_QAIC_BRIDGE,08_QAIC_BRIDGE/OUTPUTS/.keep,[no_ext],41,DEFER_BY_SCOPE,EXTERNAL_QAIC_BRIDGE_REFERENCE
08_QAIC_BRIDGE,08_QAIC_BRIDGE/OUTPUTS/desktop.ini,.ini,246,IGNORE_WINDOWS_NOISE,EXTERNAL_QAIC_BRIDGE_REFERENCE
08_QAIC_BRIDGE,08_QAIC_BRIDGE/OUTPUTS/📋 GPT_RESPONSE_AUDIT_CHECKLIST_MVP_QAIC_0.4.0.md,.md,1433,REVIEW_DOC_OR_REFERENCE,EXTERNAL_QAIC_BRIDGE_REFERENCE
08_QAIC_BRIDGE,08_QAIC_BRIDGE/OUTPUTS/📝 DECISION_JOURNAL_APPEND_SPEC_MVP_QAIC_0.3.5.md,.md,1070,REVIEW_DOC_OR_REFERENCE,EXTERNAL_QAIC_BRIDGE_REFERENCE
08_QAIC_BRIDGE,08_QAIC_BRIDGE/OUTPUTS/🧠 GPT_RESPONSE_AUDIT_SPEC_MVP_QAIC_0.3.5.md,.md,1262,REVIEW_DOC_OR_REFERENCE,EXTERNAL_QAIC_BRIDGE_REFERENCE
08_QAIC_BRIDGE,08_QAIC_BRIDGE/OUTPUTS/🧠 GPT_RESPONSE_AUDIT_WORKFLOW_MVP_QAIC_0.4.0.md,.md,2204,REVIEW_DOC_OR_REFERENCE,EXTERNAL_QAIC_BRIDGE_REFERENCE
08_QAIC_BRIDGE,08_QAIC_BRIDGE/OUTPUTS/🧾 GPT_RESPONSE_AUDIT_REPORT_TEMPLATE_MVP_QAIC_0.4.1.md,.md,2028,REVIEW_DOC_OR_REFERENCE,EXTERNAL_QAIC_BRIDGE_REFERENCE
08_QAIC_BRIDGE,08_QAIC_BRIDGE/README_QAIC_BRIDGE.md,.md,288,REVIEW_DOC_OR_REFERENCE,EXTERNAL_QAIC_BRIDGE_REFERENCE
09_WEB_APP_IDE,09_WEB_APP_IDE/COMPONENTS/.keep,[no_ext],41,DEFER_BY_SCOPE,EXTERNAL_WEB_APP_IDE_REVIEW
09_WEB_APP_IDE,09_WEB_APP_IDE/COMPONENTS/desktop.ini,.ini,246,IGNORE_WINDOWS_NOISE,EXTERNAL_WEB_APP_IDE_REVIEW
09_WEB_APP_IDE,09_WEB_APP_IDE/desktop.ini,.ini,246,IGNORE_WINDOWS_NOISE,EXTERNAL_WEB_APP_IDE_REVIEW
09_WEB_APP_IDE,09_WEB_APP_IDE/README_WEB_APP_IDE.md,.md,171,REVIEW_DOC_OR_REFERENCE,EXTERNAL_WEB_APP_IDE_REVIEW
09_WEB_APP_IDE,09_WEB_APP_IDE/UI_SPEC/.keep,[no_ext],41,DEFER_BY_SCOPE,EXTERNAL_WEB_APP_IDE_REVIEW
09_WEB_APP_IDE,09_WEB_APP_IDE/UI_SPEC/desktop.ini,.ini,246,IGNORE_WINDOWS_NOISE,EXTERNAL_WEB_APP_IDE_REVIEW
09_WEB_APP_IDE,09_WEB_APP_IDE/UI_SPEC/🧱 UI_INFORMATION_ARCHITECTURE_MVP_QAIC_0.3.4.md,.md,1170,REVIEW_DOC_OR_REFERENCE,EXTERNAL_WEB_APP_IDE_REVIEW
09_WEB_APP_IDE,09_WEB_APP_IDE/USER_FLOWS/.keep,[no_ext],41,DEFER_BY_SCOPE,EXTERNAL_WEB_APP_IDE_REVIEW
09_WEB_APP_IDE,09_WEB_APP_IDE/USER_FLOWS/desktop.ini,.ini,246,IGNORE_WINDOWS_NOISE,EXTERNAL_WEB_APP_IDE_REVIEW
99_ARCHIVES,99_ARCHIVES/.keep,[no_ext],41,DEFER_BY_SCOPE,EXTERNAL_ARCHIVES_KEEP
99_ARCHIVES,99_ARCHIVES/architecture_mvp_crypto_stitch_antigravity_google_lexique_first.md,.md,40809,REVIEW_DOC_OR_REFERENCE,EXTERNAL_ARCHIVES_KEEP
99_ARCHIVES,99_ARCHIVES/BATCHES/desktop.ini,.ini,246,IGNORE_WINDOWS_NOISE,EXTERNAL_ARCHIVES_KEEP
99_ARCHIVES,99_ARCHIVES/BATCHES/P0/desktop.ini,.ini,246,IGNORE_WINDOWS_NOISE,EXTERNAL_ARCHIVES_KEEP
99_ARCHIVES,99_ARCHIVES/BATCHES/P0/MANIFEST_MVP_QAIC_P0C_0.3.3_FULL_FUSION.md,.md,1819,REVIEW_DOC_OR_REFERENCE,EXTERNAL_ARCHIVES_KEEP
99_ARCHIVES,99_ARCHIVES/BATCHES/P0/MANIFEST_MVP_QAIC_P0C_APPSHEET_0.3.2.md,.md,1460,REVIEW_DOC_OR_REFERENCE,EXTERNAL_ARCHIVES_KEEP
99_ARCHIVES,99_ARCHIVES/BATCHES/P0/MANIFEST_MVP_QAIC_P0D_STITCH_UI_PROMPTS_0.3.4.md,.md,1221,REVIEW_DOC_OR_REFERENCE,EXTERNAL_ARCHIVES_KEEP
99_ARCHIVES,99_ARCHIVES/BATCHES/P0/MANIFEST_MVP_QAIC_P0E_QAIC_BRIDGE_0.3.5.md,.md,1137,REVIEW_DOC_OR_REFERENCE,EXTERNAL_ARCHIVES_KEEP
99_ARCHIVES,99_ARCHIVES/BATCHES/P0/README_MVP_QAIC_P0C_0.3.3_FULL_FUSION.md,.md,670,REVIEW_DOC_OR_REFERENCE,EXTERNAL_ARCHIVES_KEEP
99_ARCHIVES,99_ARCHIVES/BATCHES/P0/README_MVP_QAIC_P0C_APPSHEET_0.3.2.md,.md,568,REVIEW_DOC_OR_REFERENCE,EXTERNAL_ARCHIVES_KEEP
99_ARCHIVES,99_ARCHIVES/BATCHES/P0/README_MVP_QAIC_P0D_STITCH_UI_PROMPTS_0.3.4.md,.md,379,REVIEW_DOC_OR_REFERENCE,EXTERNAL_ARCHIVES_KEEP
99_ARCHIVES,99_ARCHIVES/BATCHES/P0/README_MVP_QAIC_P0E_QAIC_BRIDGE_0.3.5.md,.md,358,REVIEW_DOC_OR_REFERENCE,EXTERNAL_ARCHIVES_KEEP
99_ARCHIVES,99_ARCHIVES/BATCHES/P1/desktop.ini,.ini,246,IGNORE_WINDOWS_NOISE,EXTERNAL_ARCHIVES_KEEP
99_ARCHIVES,99_ARCHIVES/BATCHES/P1/MANIFEST_MVP_QAIC_P1_GPT_RESPONSE_AUDIT_DECISION_JOURNAL_0.4.0.md,.md,1042,REVIEW_DOC_OR_REFERENCE,EXTERNAL_ARCHIVES_KEEP
99_ARCHIVES,99_ARCHIVES/BATCHES/P1/MANIFEST_MVP_QAIC_P1_PROMPT_QUALITY_CORE_FUSION_0.5.0.md,.md,1144,REVIEW_DOC_OR_REFERENCE,EXTERNAL_ARCHIVES_KEEP
99_ARCHIVES,99_ARCHIVES/BATCHES/P1/MANIFEST_MVP_QAIC_P1B_FIRST_REAL_GPT_RESPONSE_AUDIT_TEST_0.4.1.md,.md,1010,REVIEW_DOC_OR_REFERENCE,EXTERNAL_ARCHIVES_KEEP
99_ARCHIVES,99_ARCHIVES/BATCHES/P1/MANIFEST_MVP_QAIC_P1C_APPEND_SCRIPT_HOTFIX_0.4.4.md,.md,925,REVIEW_DOC_OR_REFERENCE,EXTERNAL_ARCHIVES_KEEP
99_ARCHIVES,99_ARCHIVES/BATCHES/P1/MANIFEST_MVP_QAIC_P1C_DECISION_JOURNAL_APPEND_0.4.2.md,.md,996,REVIEW_DOC_OR_REFERENCE,EXTERNAL_ARCHIVES_KEEP
99_ARCHIVES,99_ARCHIVES/BATCHES/P1/MANIFEST_MVP_QAIC_P1C_DECISION_JOURNAL_APPEND_SCRIPT_0.4.3.md,.md,891,REVIEW_DOC_OR_REFERENCE,EXTERNAL_ARCHIVES_KEEP
99_ARCHIVES,99_ARCHIVES/BATCHES/P1/MANIFEST_MVP_QAIC_P1D2_JOURNAL_CORE_CONSOLIDATION_0.4.6.md,.md,898,REVIEW_DOC_OR_REFERENCE,EXTERNAL_ARCHIVES_KEEP
99_ARCHIVES,99_ARCHIVES/BATCHES/P1/MANIFEST_MVP_QAIC_P1D_JOURNAL_CLEANUP_DUPLICATE_GUARD_0.4.5.md,.md,953,REVIEW_DOC_OR_REFERENCE,EXTERNAL_ARCHIVES_KEEP
99_ARCHIVES,99_ARCHIVES/BATCHES/P1/MANIFEST_MVP_QAIC_P1E_PROMPT_IMPROVEMENT_LOOP_DASHBOARD_0.4.7.md,.md,1254,REVIEW_DOC_OR_REFERENCE,EXTERNAL_ARCHIVES_KEEP
99_ARCHIVES,99_ARCHIVES/BATCHES/P1/MANIFEST_MVP_QAIC_P1G_PROMPT_LIBRARY_CONTRACT_0.6.0.md,.md,1104,REVIEW_DOC_OR_REFERENCE,EXTERNAL_ARCHIVES_KEEP
99_ARCHIVES,99_ARCHIVES/BATCHES/P1/MANIFEST_MVP_QAIC_P1I_SHEET_INVENTORY_CROSS_AUDIT_0.7.0.md,.md,498,REVIEW_DOC_OR_REFERENCE,EXTERNAL_ARCHIVES_KEEP
99_ARCHIVES,99_ARCHIVES/BATCHES/P1/README_MVP_QAIC_P1_GPT_RESPONSE_AUDIT_DECISION_JOURNAL_0.4.0.md,.md,358,REVIEW_DOC_OR_REFERENCE,EXTERNAL_ARCHIVES_KEEP
99_ARCHIVES,99_ARCHIVES/BATCHES/P1/README_MVP_QAIC_P1B_FIRST_REAL_GPT_RESPONSE_AUDIT_TEST_0.4.1.md,.md,348,REVIEW_DOC_OR_REFERENCE,EXTERNAL_ARCHIVES_KEEP
99_ARCHIVES,99_ARCHIVES/BATCHES/P1/README_MVP_QAIC_P1C_APPEND_SCRIPT_HOTFIX_0.4.4.md,.md,391,REVIEW_DOC_OR_REFERENCE,EXTERNAL_ARCHIVES_KEEP
99_ARCHIVES,99_ARCHIVES/BATCHES/P1/README_MVP_QAIC_P1C_DECISION_JOURNAL_APPEND_0.4.2.md,.md,310,REVIEW_DOC_OR_REFERENCE,EXTERNAL_ARCHIVES_KEEP
99_ARCHIVES,99_ARCHIVES/BATCHES/P1/README_MVP_QAIC_P1C_DECISION_JOURNAL_APPEND_SCRIPT_0.4.3.md,.md,416,REVIEW_DOC_OR_REFERENCE,EXTERNAL_ARCHIVES_KEEP
99_ARCHIVES,99_ARCHIVES/BATCHES/P1/README_MVP_QAIC_P1D2_JOURNAL_CORE_CONSOLIDATION_0.4.6.md,.md,398,REVIEW_DOC_OR_REFERENCE,EXTERNAL_ARCHIVES_KEEP
99_ARCHIVES,99_ARCHIVES/BATCHES/P1/README_MVP_QAIC_P1D_JOURNAL_CLEANUP_DUPLICATE_GUARD_0.4.5.md,.md,280,REVIEW_DOC_OR_REFERENCE,EXTERNAL_ARCHIVES_KEEP
99_ARCHIVES,99_ARCHIVES/BATCHES/P1/README_MVP_QAIC_P1E_PROMPT_IMPROVEMENT_LOOP_DASHBOARD_0.4.7.md,.md,421,REVIEW_DOC_OR_REFERENCE,EXTERNAL_ARCHIVES_KEEP
99_ARCHIVES,99_ARCHIVES/BATCHES/P2/AUDIT_MVP_QAIC_P2AA_LIBRARY_QUEUE_FINAL_UX_AND_APPLY_FIX_1.1.7_SAFE.md,.md,601,REVIEW_DOC_OR_REFERENCE,EXTERNAL_ARCHIVES_KEEP
99_ARCHIVES,99_ARCHIVES/BATCHES/P2/AUDIT_MVP_QAIC_P2AB_LIBRARY_USED_BY_AND_PROMPT_DETAIL_FIX_1.1.8_SAFE.md,.md,948,REVIEW_DOC_OR_REFERENCE,EXTERNAL_ARCHIVES_KEEP
99_ARCHIVES,99_ARCHIVES/BATCHES/P2/AUDIT_MVP_QAIC_P2AC_PROMPT_VARIANT_GOVERNANCE_NEXT_TEST_1.1.9_SAFE.md,.md,807,REVIEW_DOC_OR_REFERENCE,EXTERNAL_ARCHIVES_KEEP
99_ARCHIVES,99_ARCHIVES/BATCHES/P2/AUDIT_MVP_QAIC_P2AD_VARIANT_RUNTIME_BINDING_FIX_1.2.0_SAFE.md,.md,301,REVIEW_DOC_OR_REFERENCE,EXTERNAL_ARCHIVES_KEEP
99_ARCHIVES,99_ARCHIVES/BATCHES/P2/AUDIT_MVP_QAIC_P2R_SCRIPT_RECOVERY_1.0.8.md,.md,1614,REVIEW_DOC_OR_REFERENCE,EXTERNAL_ARCHIVES_KEEP
99_ARCHIVES,99_ARCHIVES/BATCHES/P2/AUDIT_MVP_QAIC_P2Y_DEEP_AUDIT_STABLE_UI_WORKFLOW_REPAIR_1.1.5_SAFE.md,.md,591,REVIEW_DOC_OR_REFERENCE,EXTERNAL_ARCHIVES_KEEP
99_ARCHIVES,99_ARCHIVES/BATCHES/P2/AUDIT_MVP_QAIC_P2Z_QUEUE_DASHBOARD_TABLE_REPAIR_1.1.6_SAFE.md,.md,2262,REVIEW_DOC_OR_REFERENCE,EXTERNAL_ARCHIVES_KEEP
99_ARCHIVES,99_ARCHIVES/BATCHES/P2/desktop.ini,.ini,246,IGNORE_WINDOWS_NOISE,EXTERNAL_ARCHIVES_KEEP
P27A2A_UX_LOCK_CONTRACT_20260618,P27A2A_UX_LOCK_CONTRACT_20260618/01_ZIP_RELEASE/desktop.ini,.ini,246,IGNORE_WINDOWS_NOISE,UNCLASSIFIED
P27A2A_UX_LOCK_CONTRACT_20260618,P27A2A_UX_LOCK_CONTRACT_20260618/01_ZIP_RELEASE/MVP_QAIC_P27A2A_UX_LOCK_CONTRACT_PACK.zip,.zip,9809,EXTERNAL_ARCHIVE_OR_DEFER,UNCLASSIFIED
P27A2A_UX_LOCK_CONTRACT_20260618,P27A2A_UX_LOCK_CONTRACT_20260618/02_DOCS_MARKDOWN/desktop.ini,.ini,246,IGNORE_WINDOWS_NOISE,UNCLASSIFIED
P27A2A_UX_LOCK_CONTRACT_20260618,P27A2A_UX_LOCK_CONTRACT_20260618/02_DOCS_MARKDOWN/P27A2A_UX_LOCK_CONTRACT.md.gdoc,.gdoc,195,REVIEW_DOC_OR_REFERENCE,UNCLASSIFIED
P27A2A_UX_LOCK_CONTRACT_20260618,P27A2A_UX_LOCK_CONTRACT_20260618/03_MANIFEST/desktop.ini,.ini,246,IGNORE_WINDOWS_NOISE,UNCLASSIFIED
P27A2A_UX_LOCK_CONTRACT_20260618,P27A2A_UX_LOCK_CONTRACT_20260618/04_NEXT/desktop.ini,.ini,246,IGNORE_WINDOWS_NOISE,UNCLASSIFIED
P27A2A_UX_LOCK_CONTRACT_20260618,P27A2A_UX_LOCK_CONTRACT_20260618/desktop.ini,.ini,246,IGNORE_WINDOWS_NOISE,UNCLASSIFIED
P44_FIELD_EMOJI_METRIC_DERIVATION_20260618_231547,P44_FIELD_EMOJI_METRIC_DERIVATION_20260618_231547/01_APPS_SCRIPT_COMPLETE/desktop.ini,.ini,246,IGNORE_WINDOWS_NOISE,UNCLASSIFIED
P44_FIELD_EMOJI_METRIC_DERIVATION_20260618_231547,P44_FIELD_EMOJI_METRIC_DERIVATION_20260618_231547/02_HTML_COMPLETE/desktop.ini,.ini,246,IGNORE_WINDOWS_NOISE,UNCLASSIFIED
P44_FIELD_EMOJI_METRIC_DERIVATION_20260618_231547,P44_FIELD_EMOJI_METRIC_DERIVATION_20260618_231547/03_DOCS_VALIDATION_ROLLBACK/desktop.ini,.ini,246,IGNORE_WINDOWS_NOISE,UNCLASSIFIED
P44_FIELD_EMOJI_METRIC_DERIVATION_20260618_231547,P44_FIELD_EMOJI_METRIC_DERIVATION_20260618_231547/03_DOCS_VALIDATION_ROLLBACK/P44_README_INDEX_GOOGLE_DOC.gdoc,.gdoc,195,REVIEW_DOC_OR_REFERENCE,UNCLASSIFIED
P44_FIELD_EMOJI_METRIC_DERIVATION_20260618_231547,P44_FIELD_EMOJI_METRIC_DERIVATION_20260618_231547/03_DOCS_VALIDATION_ROLLBACK/README_P44.md,.md,1132,REVIEW_DOC_OR_REFERENCE,UNCLASSIFIED
P44_FIELD_EMOJI_METRIC_DERIVATION_20260618_231547,P44_FIELD_EMOJI_METRIC_DERIVATION_20260618_231547/desktop.ini,.ini,246,IGNORE_WINDOWS_NOISE,UNCLASSIFIED
P44_FIELD_EMOJI_METRIC_DERIVATION_20260618_231547,P44_FIELD_EMOJI_METRIC_DERIVATION_20260618_231547/MVP_QAIC_P44_FIELD_EMOJI_METRIC_DERIVATION_20260618_231547.zip,.zip,3636048,EXTERNAL_ARCHIVE_OR_DEFER,UNCLASSIFIED
P46A_APPS_SCRIPT_GLOBAL_AUDIT_READONLY_20260619_083322,P46A_APPS_SCRIPT_GLOBAL_AUDIT_READONLY_20260619_083322/desktop.ini,.ini,246,IGNORE_WINDOWS_NOISE,UNCLASSIFIED
P46B_LEXIQUE_CORE_TARGETED_AUDIT_READONLY_20260619_084756,P46B_LEXIQUE_CORE_TARGETED_AUDIT_READONLY_20260619_084756/desktop.ini,.ini,246,IGNORE_WINDOWS_NOISE,UNCLASSIFIED
source,source/architecture_mvp_crypto_stitch_antigravity_google_lexique_first.md,.md,44769,REVIEW_DOC_OR_REFERENCE,EXTERNAL_SOURCE_REFERENCE
source,source/desktop.ini,.ini,246,IGNORE_WINDOWS_NOISE,EXTERNAL_SOURCE_REFERENCE
source,source/lexique_crypto_methodes_signaux_trading_pro.md,.md,28204,REVIEW_DOC_OR_REFERENCE,EXTERNAL_SOURCE_REFERENCE
source,source/Revolut X/desktop.ini,.ini,246,IGNORE_WINDOWS_NOISE,EXTERNAL_SOURCE_REFERENCE
source,source/Revolut X/MVP QAIC — Mémo d’intégration Revolut X.pdf,.pdf,235562,REVIEW_DOC_OR_REFERENCE,EXTERNAL_SOURCE_REFERENCE
source,source/Revolut X/v25_00_reference_contract_crypto_alpha_ia.js,.js,377239,DEFER_BY_SCOPE,EXTERNAL_SOURCE_REFERENCE
source,source/Revolut X/v25_17_portfolio_alpha_bridge.js,.js,53332,DEFER_BY_SCOPE,EXTERNAL_SOURCE_REFERENCE
source,source/Revolut X/v25_18_portfolio_master_v25_contract.js,.js,62285,DEFER_BY_SCOPE,EXTERNAL_SOURCE_REFERENCE
source,source/Revolut X/v25_19_portfolio_master_v25_builder.js,.js,70494,DEFER_BY_SCOPE,EXTERNAL_SOURCE_REFERENCE
source,source/Revolut X/v25_20_portfolio_exposure_engine.js,.js,52497,DEFER_BY_SCOPE,EXTERNAL_SOURCE_REFERENCE
source,source/Revolut X/v25_21_portfolio_risk_decision_engine.js,.js,60291,DEFER_BY_SCOPE,EXTERNAL_SOURCE_REFERENCE
source,source/Revolut X/v25_22_portfolio_decision_control_center.js,.js,53736,DEFER_BY_SCOPE,EXTERNAL_SOURCE_REFERENCE
source,source/Revolut X/v25_23_portfolio_execution_queue.js,.js,43830,DEFER_BY_SCOPE,EXTERNAL_SOURCE_REFERENCE
source,source/Revolut X/v25_24_portfolio_pre_trade_guard.js,.js,36200,DEFER_BY_SCOPE,EXTERNAL_SOURCE_REFERENCE
source,source/Revolut X/v25_25_manual_order_ticket_builder.js,.js,63061,DEFER_BY_SCOPE,EXTERNAL_SOURCE_REFERENCE
source,source/Revolut X/v25_26_manual_order_lifecycle_tracker.js,.js,36903,DEFER_BY_SCOPE,EXTERNAL_SOURCE_REFERENCE
source,source/Revolut X/v25_28_order_log_v25_builder.js,.js,17774,DEFER_BY_SCOPE,EXTERNAL_SOURCE_REFERENCE
source,source/Revolut X/v25_29_revolut_api_readiness_contract.js,.js,64775,DEFER_BY_SCOPE,EXTERNAL_SOURCE_REFERENCE
source,source/Revolut X/v25_30_revolut_x_readonly_connector.js,.js,249728,DEFER_BY_SCOPE,EXTERNAL_SOURCE_REFERENCE
source,source/Revolut X/v25_31_revolut_fiscal_ledger_builder.js,.js,41086,DEFER_BY_SCOPE,EXTERNAL_SOURCE_REFERENCE
source,source/Revolut X/v25_31_revolut_fiscal_ledger_builder.zip,.zip,315976,EXTERNAL_ARCHIVE_OR_DEFER,EXTERNAL_SOURCE_REFERENCE
source,source/Revolut X/v25_35_portfolio_intelligence.js,.js,68445,DEFER_BY_SCOPE,EXTERNAL_SOURCE_REFERENCE
source,source/Revolut X/v25_agent_control_core.js,.js,75274,DEFER_BY_SCOPE,EXTERNAL_SOURCE_REFERENCE
source,source/Revolut X/📈 QAIC Crypto - V25 DEV.xlsx,.xlsx,17289958,DEFER_BY_SCOPE,EXTERNAL_SOURCE_REFERENCE
source,source/synthese_lexique_mvp_crypto_project_context.md,.md,17156,REVIEW_DOC_OR_REFERENCE,EXTERNAL_SOURCE_REFERENCE
🧭 R16E — FUSION MAJ Docs Finales CDC Archi Web Instructions,🧭 R16E — FUSION MAJ Docs Finales CDC Archi Web Instructions/07_R16E6_REFLEX_OFFICIAL_WORKFLOW_DOCS_UPDATE.md.gdoc,.gdoc,195,REVIEW_DOC_OR_REFERENCE,UNCLASSIFIED
🧭 R16E — FUSION MAJ Docs Finales CDC Archi Web Instructions,🧭 R16E — FUSION MAJ Docs Finales CDC Archi Web Instructions/desktop.ini,.ini,246,IGNORE_WINDOWS_NOISE,UNCLASSIFIED
